"party";"candidate_nr";"candidate_name";"candidate_votes";"candidate_position";"party_votes_const";"prop_candidate_votes_party";"prop_candidate_votes_constituency";"constituency"
"Eesti Keskerakond";910;"VADIM BELOBROVTSEV";3231;2;12870;0,251048951048951;0,0524427852621328;1
"Eesti Keskerakond";912;"ANASTASSIA KOVALENKO-KÕLVART";2806;4;12870;0,218026418026418;0,0455445544554455;1
"Eesti Keskerakond";909;"TANEL KIIK";2070;1;12870;0,160839160839161;0,0335984418113943;1
"Eesti Keskerakond";917;"OLEG SILJANOV";1213;9;12870;0,0942501942501942;0,0196883622788508;1
"Eesti Keskerakond";911;"MAREK JÜRGENSON";738;3;12870;0,0573426573426573;0,011978574906671;1
"Eesti Keskerakond";914;"BETINA BEŠKINA";556;6;12870;0,0432012432012432;0,00902450900827788;1
"Eesti Keskerakond";915;"JAANUS RIIBE";492;7;12870;0,0382284382284382;0,00798571660444733;1
"Eesti Keskerakond";916;"MANUELA PIHLAP";471;8;12870;0,0365967365967366;0,00764486284694043;1
"Eesti Keskerakond";913;"ANDRE HANIMÄGI";466;5;12870;0,0362082362082362;0,00756370719039117;1
"Eesti Keskerakond";920;"MÄRT SULTS";394;12;12870;0,0306138306138306;0,00639506573608181;1
"Eesti Keskerakond";918;"PEETER JÄRVELAID";252;10;12870;0,0195804195804196;0,00409024509008278;1
"Eesti Keskerakond";919;"KRISTI RÜÜTEL";181;11;12870;0,0140637140637141;0,00293783476708327;1
"Eesti Konservatiivne Rahvaerakond";535;"VARRO VOOGLAID";2509;2;5956;0,421255876427132;0,0407239084564194;1
"Eesti Konservatiivne Rahvaerakond";534;"URMAS REITELMANN";1520;1;5956;0,25520483546004;0,0246713195909755;1
"Eesti Konservatiivne Rahvaerakond";542;"ANDRES RAID";545;9;5956;0,0915043653458697;0,0088459665638695;1
"Eesti Konservatiivne Rahvaerakond";539;"ELVIS BRAUER";432;6;5956;0,0725319006044325;0,00701184872585619;1
"Eesti Konservatiivne Rahvaerakond";536;"URMAS ESPENBERG";272;3;5956;0,0456682337139019;0,00441486771627982;1
"Eesti Konservatiivne Rahvaerakond";545;"AARE RÜÜTEL";166;12;5956;0,0278710543989255;0,00269436779743548;1
"Eesti Konservatiivne Rahvaerakond";537;"TOIVO TASA";134;4;5956;0,0224983210208193;0,00217497159552021;1
"Eesti Konservatiivne Rahvaerakond";543;"ARGO LUUDE";94;10;5956;0,0157824042981867;0,00152572634312612;1
"Eesti Konservatiivne Rahvaerakond";540;"TIIU POHL";87;7;5956;0,014607118871726;0,00141210842395715;1
"Eesti Konservatiivne Rahvaerakond";538;"ANTS MILLER";82;5;5956;0,0137676292813969;0,00133095276740789;1
"Eesti Konservatiivne Rahvaerakond";541;"KULDAR KESKÜLA";82;8;5956;0,0137676292813969;0,00133095276740789;1
"Eesti Konservatiivne Rahvaerakond";544;"RIHO RAUSMA";33;11;5956;0,00554063129617193;0,000535627333225126;1
"Eesti Reformierakond";784;"KRISTEN MICHAL";9214;1;19346;0,476274165202109;0,149553643888979;1
"Eesti Reformierakond";785;"SIGNE RIISALO";4523;2;19346;0,233795099762225;0,0734134069144619;1
"Eesti Reformierakond";788;"PÄRTEL-PEETER PERE";1474;5;19346;0,0761914607670836;0,0239246875507223;1
"Eesti Reformierakond";789;"HANAH LAHE";1050;6;19346;0,0542747854853717;0,0170426878753449;1
"Eesti Reformierakond";787;"MATI RAIDMA";892;4;19346;0,0461077225266205;0,0144781691283882;1
"Eesti Reformierakond";795;"KRISTO ENN VAGA";591;12;19346;0,0305489506874806;0,00959259860412271;1
"Eesti Reformierakond";790;"JEVGENI KRIŠTAFOVITŠ";505;7;19346;0,0261035873048692;0,00819672131147541;1
"Eesti Reformierakond";786;"OKSANA TANDIT";349;3;19346;0,0180399048898997;0,00566466482713845;1
"Eesti Reformierakond";791;"LIIS KLAAR";234;8;19346;0,0120955236224543;0,00379808472650544;1
"Eesti Reformierakond";792;"LEMBIT KOLK";229;9;19346;0,0118370722630001;0,00371692906995618;1
"Eesti Reformierakond";794;"KATRIN HELENDI";156;11;19346;0,0080636824149695;0,00253205648433696;1
"Eesti Reformierakond";793;"KRISTEL KRANICH";129;10;19346;0,00666804507391709;0,00209381593897095;1
"EESTIMAA ÜHENDATUD VASAKPARTEI";1034;"JULIA SOMMER";1481;1;2016;0,734623015873016;0,0240383054698913;1
"EESTIMAA ÜHENDATUD VASAKPARTEI";1037;"OKSANA GARMATJUK";245;4;2016;0,121527777777778;0,00397662717091381;1
"EESTIMAA ÜHENDATUD VASAKPARTEI";1036;"TAIVO RIST";180;3;2016;0,0892857142857143;0,00292160363577341;1
"EESTIMAA ÜHENDATUD VASAKPARTEI";1035;"SANDRA SIRGE";110;2;2016;0,0545634920634921;0,00178542444408375;1
"Erakond Eesti 200";659;"JOHANNA-MARIA LEHTME";5251;1;9638;0,544822577298195;0,0852296705080344;1
"Erakond Eesti 200";661;"ZÜLEYXA IZMAILOVA";1011;3;9638;0,104897281593692;0,0164096737542607;1
"Erakond Eesti 200";662;"DIANA INGERAINEN";933;4;9638;0,0968043162481843;0,0151436455120922;1
"Erakond Eesti 200";660;"HENDRIK JOHANNES TERRAS";771;2;9638;0,0799958497613613;0,0125142022398961;1
"Erakond Eesti 200";664;"TRIIN SAAG";526;6;9638;0,0545756380991907;0,00853757506898231;1
"Erakond Eesti 200";670;"INDREK LILLEMÄGI";349;12;9638;0,0362108321228471;0,00566466482713845;1
"Erakond Eesti 200";663;"PIRKO KONSA";206;5;9638;0,0213737289894169;0,00334361304982957;1
"Erakond Eesti 200";667;"JOEL JESSE";171;9;9638;0,0177422701805354;0,00277552345398474;1
"Erakond Eesti 200";669;"AIMAR VENTSEL";164;11;9638;0,0170159784187591;0,00266190553481578;1
"Erakond Eesti 200";666;"TARMO PRIKK";110;8;9638;0,0114131562564847;0,00178542444408375;1
"Erakond Eesti 200";668;"PEETER-EERIK OTS";82;10;9638;0,00850798920937954;0,00133095276740789;1
"Erakond Eesti 200";665;"VILLU LOONDE";64;7;9638;0,00664038182195476;0,00103879240383055;1
"Erakond Eestimaa Rohelised";226;"LIINA FREIVALD";168;1;665;0,252631578947368;0,00272683006005519;1
"Erakond Eestimaa Rohelised";233;"EVELYN SEPP";130;8;665;0,195488721804511;0,0021100470702808;1
"Erakond Eestimaa Rohelised";228;"ALINA LERNER-VILU";108;3;665;0,162406015037594;0,00175296218146405;1
"Erakond Eestimaa Rohelised";230;"FIDEELIA-SIGNE ROOTS";72;5;665;0,108270676691729;0,00116864145430937;1
"Erakond Eestimaa Rohelised";227;"RASMUS LAHTVEE";71;2;665;0,106766917293233;0,00115241032299951;1
"Erakond Eestimaa Rohelised";232;"MARTTI RANDMA";58;7;665;0,087218045112782;0,000941405615971433;1
"Erakond Eestimaa Rohelised";229;"HANNES LIITMÄE";44;4;665;0,0661654135338346;0,000714169777633501;1
"Erakond Eestimaa Rohelised";231;"AUL PEDAJAS";14;6;665;0,0210526315789474;0,000227235838337932;1
"Erakond Parempoolsed";101;"ILMAR RAAG";1131;1;1404;0,805555555555556;0,0183574095114429;1
"Erakond Parempoolsed";104;"ÜLLE KELL";59;4;1404;0,042022792022792;0,000957636747281285;1
"Erakond Parempoolsed";103;"ALAR VOITKA";34;3;1404;0,0242165242165242;0,000551858464534978;1
"Erakond Parempoolsed";102;"HENRIK AAVIK";34;2;1404;0,0242165242165242;0,000551858464534978;1
"Erakond Parempoolsed";106;"PRIIT PÕDRA";29;6;1404;0,0206552706552707;0,000470702807985717;1
"Erakond Parempoolsed";112;"HEIKO KIISK";29;12;1404;0,0206552706552707;0,000470702807985717;1
"Erakond Parempoolsed";107;"MICHAEL GREGORIUS BACH";26;7;1404;0,0185185185185185;0,00042200941405616;1
"Erakond Parempoolsed";111;"TIIT NABER";15;11;1404;0,0106837606837607;0,000243466969647784;1
"Erakond Parempoolsed";108;"TOOMAS BIRK";15;8;1404;0,0106837606837607;0,000243466969647784;1
"Erakond Parempoolsed";105;"ANDRES KUUSE";14;5;1404;0,00997150997150997;0,000227235838337932;1
"Erakond Parempoolsed";110;"KAISA-LISETE KUMARI";13;10;1404;0,00925925925925926;0,00021100470702808;1
"Erakond Parempoolsed";109;"TIIT-REIN VIITSO";5;9;1404;0,00356125356125356;8,11556565492615e-05;1
"ISAMAA Erakond";284;"RIINA SOLMAN";1773;1;3471;0,510803802938634;0,0287777958123681;1
"ISAMAA Erakond";285;"KRISTJAN JÄRVAN";367;2;3471;0,105733218092769;0,00595682519071579;1
"ISAMAA Erakond";287;"PRIIDU PÄRNA";259;4;3471;0,0746182656295016;0,00420386300925174;1
"ISAMAA Erakond";289;"TIIT MEREN";199;6;3471;0,0573321809276865;0,00322999513066061;1
"ISAMAA Erakond";286;"HELEN HÄÄL";183;3;3471;0,0527225583405359;0,00297029702970297;1
"ISAMAA Erakond";293;"VOOTELE HANSEN";172;10;3471;0,0495534428118698;0,00279175458529459;1
"ISAMAA Erakond";288;"KARL SANDER KASE";137;5;3471;0,0394698934024777;0,00222366498944976;1
"ISAMAA Erakond";295;"AVO ÜPRUS";117;12;3471;0,0337078651685393;0,00189904236325272;1
"ISAMAA Erakond";292;"RAIN VEETÕUSME";77;9;3471;0,0221838087006626;0,00124979711085863;1
"ISAMAA Erakond";291;"INGRID MÜHLING";70;8;3471;0,0201670988187842;0,00113617919168966;1
"ISAMAA Erakond";294;"PEETER VÕSU";69;11;3471;0,0198789974070873;0,00111994806037981;1
"ISAMAA Erakond";290;"HANNES TOOMSALU";48;7;3471;0,013828867761452;0,00077909430287291;1
"Sotsiaaldemokraatlik Erakond";409;"RAIMOND KALJULAID";1819;1;6165;0,295052716950527;0,0295244278526213;1
"Sotsiaaldemokraatlik Erakond";411;"NATALIE METS";1399;3;6165;0,226926196269262;0,0227073527024834;1
"Sotsiaaldemokraatlik Erakond";410;"JAAK JUSKE";814;2;6165;0,132035685320357;0,0132121408862198;1
"Sotsiaaldemokraatlik Erakond";412;"KADRI KÕUSAAR";453;4;6165;0,0734793187347932;0,00735270248336309;1
"Sotsiaaldemokraatlik Erakond";417;"ALEKSANDR POPOV";381;9;6165;0,0618004866180049;0,00618406102905372;1
"Sotsiaaldemokraatlik Erakond";415;"ANDRUS VAARIK";322;7;6165;0,0522303325223033;0,00522642428177244;1
"Sotsiaaldemokraatlik Erakond";413;"JOOSEP VIMM";265;5;6165;0,0429845904298459;0,00430124979711086;1
"Sotsiaaldemokraatlik Erakond";416;"KARIN PAULUS";224;8;6165;0,0363341443633414;0,00363577341340691;1
"Sotsiaaldemokraatlik Erakond";418;"KIRKE KARJA";155;10;6165;0,0251419302514193;0,00251582535302711;1
"Sotsiaaldemokraatlik Erakond";414;"MARIS SILD";152;6;6165;0,0246553122465531;0,00246713195909755;1
"Sotsiaaldemokraatlik Erakond";420;"AIRI-ALINA ALLASTE";100;12;6165;0,016220600162206;0,00162311313098523;1
"Sotsiaaldemokraatlik Erakond";419;"SILVER MEIKAR";81;11;6165;0,0131386861313869;0,00131472163609804;1
"Üksikkandidaadid";1062;"INDREK NICHOLAS NURMBERG";79;1;79;1;0,00128225937347833;1
"Eesti Keskerakond";921;"MIHHAIL KÕLVART";14592;1;21693;0,672659383211174;0,19504631547993;2
"Eesti Keskerakond";923;"VLADIMIR SVET";1867;3;21693;0,0860646291430415;0,0249555558525925;2
"Eesti Keskerakond";929;"ALEKSANDR TŠAPLÕGIN";1809;9;21693;0,0833909556077998;0,0241802895218745;2
"Eesti Keskerakond";925;"MARIA JUFEREVA-SKURATOVSKI";822;5;21693;0,0378924076891163;0,0109873952387954;2
"Eesti Keskerakond";922;"TÕNIS MÖLDER";570;2;21693;0,0262757571566865;0,00761899669843476;2
"Eesti Keskerakond";932;"VLADIMIR AFANASJEV";412;12;21693;0,0189923016641313;0,00550706428027214;2
"Eesti Keskerakond";926;"MONIKA HAUKANÕMM";360;6;21693;0,0165952150463283;0,0048119979148009;2
"Eesti Keskerakond";928;"JULIANNA JURTŠENKO";324;8;21693;0,0149356935416955;0,00433079812332081;2
"Eesti Keskerakond";924;"AIVAR RIISALU";296;4;21693;0,0136449545936477;0,0039565316188363;2
"Eesti Keskerakond";931;"DENISS PRESNETSOV";168;11;21693;0,00774443368828654;0,00224559902690709;2
"Eesti Keskerakond";935;"IRINA EMBRICH";133;15;21693;0,00613101000322685;0,00177776589630144;2
"Eesti Keskerakond";927;"KRISTA PAAL";106;7;21693;0,00488636887475222;0,00141686605269138;2
"Eesti Keskerakond";930;"MERLE KLANDORF";103;10;21693;0,00474807541603282;0,00137676607006804;2
"Eesti Keskerakond";933;"IZABELLA RIITSAAR";101;13;21693;0,00465587977688655;0,00135003274831914;2
"Eesti Keskerakond";934;"ANDRES JAADLA";30;14;21693;0,00138293458719403;0,000400999826233409;2
"Eesti Konservatiivne Rahvaerakond";546;"LEO KUNNAS";3390;1;6772;0,500590667454223;0,0453129803643752;2
"Eesti Konservatiivne Rahvaerakond";547;"EEVA HELME";1632;2;6772;0,240992321323095;0,0218143905470974;2
"Eesti Konservatiivne Rahvaerakond";549;"IVAN MAKAROV";693;4;6772;0,102333136444182;0,00926309598599174;2
"Eesti Konservatiivne Rahvaerakond";551;"HARRI KINGO";301;6;6772;0,0444477259303012;0,00402336492320853;2
"Eesti Konservatiivne Rahvaerakond";548;"MAIT TALU";220;3;6772;0,03248670998228;0,00294066539237833;2
"Eesti Konservatiivne Rahvaerakond";550;"AAT PURJE";135;5;6772;0,0199350265800354;0,00180449921805034;2
"Eesti Konservatiivne Rahvaerakond";555;"RIHO NÜÜD";79;10;6772;0,0116656822209096;0,00105596620908131;2
"Eesti Konservatiivne Rahvaerakond";560;"VALDO TÕNISSOO";59;15;6772;0,00871234494979327;0,00078863299159237;2
"Eesti Konservatiivne Rahvaerakond";556;"KARL OLAF RÄÄK";54;11;6772;0,00797401063201418;0,000721799687220136;2
"Eesti Konservatiivne Rahvaerakond";554;"PRIIT WILLBACH";52;9;6772;0,00767867690490254;0,000695066365471242;2
"Eesti Konservatiivne Rahvaerakond";557;"PIRET KOLLO";49;12;6772;0,00723567631423509;0,000654966382847901;2
"Eesti Konservatiivne Rahvaerakond";553;"RAUL ÖPIK";36;8;6772;0,00531600708800945;0,00048119979148009;2
"Eesti Konservatiivne Rahvaerakond";552;"ENO LEIES";27;7;6772;0,00398700531600709;0,000360899843610068;2
"Eesti Konservatiivne Rahvaerakond";558;"INDREK MELDER";26;13;6772;0,00383933845245127;0,000347533182735621;2
"Eesti Konservatiivne Rahvaerakond";559;"TIIA ARENBERG";19;14;6772;0,00280567040756054;0,000253966556614492;2
"Eesti Reformierakond";796;"SIIM KALLAS";7393;1;22012;0,335862256950754;0,0988197238447863;2
"Eesti Reformierakond";797;"HEIDY PURGA";4161;2;22012;0,189033254588406;0,0556186758985738;2
"Eesti Reformierakond";799;"KARMEN JOLLER";3566;4;22012;0,162002544066873;0,0476655126782778;2
"Eesti Reformierakond";798;"ANDRES SUTT";3315;3;22012;0,150599672905688;0,0443104807987917;2
"Eesti Reformierakond";800;"VALDO RANDPERE";1169;5;22012;0,0531073959658368;0,0156256265622285;2
"Eesti Reformierakond";801;"ENN LISTRA";497;6;22012;0,0225785934944576;0,00664323045460014;2
"Eesti Reformierakond";810;"IVI EENMAA";348;15;22012;0,0158095584226785;0,00465159798430754;2
"Eesti Reformierakond";802;"ÜLLE RAJASALU";327;7;22012;0,0148555333454479;0,00437089810594415;2
"Eesti Reformierakond";803;"TOOMAS KRUUSIMÄGI";322;8;22012;0,0146283845175359;0,00430406480157192;2
"Eesti Reformierakond";806;"SANDER ANDLA";301;11;22012;0,0136743594403053;0,00402336492320853;2
"Eesti Reformierakond";807;"TIIT VAPPER";150;12;22012;0,00681446483736144;0,00200499913116704;2
"Eesti Reformierakond";804;"VILJAR JAAMU";141;9;22012;0,00640559694711975;0,00188469918329702;2
"Eesti Reformierakond";805;"EVE ALTROV";138;10;22012;0,00626930765037252;0,00184459920067368;2
"Eesti Reformierakond";809;"MARGIT ELVISTE";120;14;22012;0,00545157186988915;0,00160399930493363;2
"Eesti Reformierakond";808;"TIIT SOORM";64;13;22012;0,00290750499727421;0,000855466295964605;2
"EESTIMAA ÜHENDATUD VASAKPARTEI";1038;"OLEG IVANOV";2699;1;3697;0,730051393021369;0,0360766177001323;2
"EESTIMAA ÜHENDATUD VASAKPARTEI";1039;"JULIA SMOLI";545;2;3697;0,147416824452259;0,00728483017657359;2
"EESTIMAA ÜHENDATUD VASAKPARTEI";1040;"EDUARD FEDOTOV";177;3;3697;0,0478766567487152;0,00236589897477711;2
"EESTIMAA ÜHENDATUD VASAKPARTEI";1041;"ALEKSEI TETEREV";155;4;3697;0,0419258858533946;0,00207183243553928;2
"EESTIMAA ÜHENDATUD VASAKPARTEI";1043;"VADIM GRI";70;6;3697;0,0189342710305653;0,000935666261211287;2
"EESTIMAA ÜHENDATUD VASAKPARTEI";1042;"VALENTIN BESSONOV";51;5;3697;0,0137949688936976;0,000681699704596795;2
"Erakond Eesti 200";671;"MAREK REINAAS";2090;1;8147;0,256536148275439;0,0279363212275941;2
"Erakond Eesti 200";672;"LIISA-LY PAKOSTA";1731;2;8147;0,212470848164969;0,0231376899736677;2
"Erakond Eesti 200";675;"MARGOT ROOSE";1179;5;8147;0,1447158463238;0,015759293170973;2
"Erakond Eesti 200";673;"IGNAR FJUK";900;3;8147;0,110470111697557;0,0120299947870023;2
"Erakond Eesti 200";674;"NIKOLAI BENTSLER";421;4;8147;0,0516754633607463;0,00562736422814217;2
"Erakond Eesti 200";678;"SANDER MARIPUU";384;8;8147;0,0471339143242911;0,00513279777578763;2
"Erakond Eesti 200";677;"KAROLINA EBBA ANNA ULLMAN";325;7;8147;0,0398919847796735;0,00434416478419526;2
"Erakond Eesti 200";681;"KSENIA KRAVTŠENKO";210;11;8147;0,0257763593960967;0,00280699878363386;2
"Erakond Eesti 200";684;"DIANA ANDRIOT";204;14;8147;0,0250398919847797;0,00272679881838718;2
"Erakond Eesti 200";676;"RON LUVIŠTŠUK";181;6;8147;0,0222167669080643;0,0024193656182749;2
"Erakond Eesti 200";685;"IVO KAPPET";176;15;8147;0,0216030440653001;0,00235253231390266;2
"Erakond Eesti 200";683;"MARIANNA KAAT";121;13;8147;0,0148520927948938;0,00161736596580808;2
"Erakond Eesti 200";679;"SVETLANA SKREBNEVA";113;9;8147;0,0138701362464711;0,00151043267881251;2
"Erakond Eesti 200";682;"ALO-ALLAR ALTMETS";81;12;8147;0,00994231005278016;0,0010826995308302;2
"Erakond Eesti 200";680;"EINAR VELLEND";31;10;8147;0,00380508162513809;0,000414366487107856;2
"Erakond Eestimaa Rohelised";234;"JOHANNA-MARIA TÕUGU";491;1;765;0,641830065359477;0,00656303048935345;2
"Erakond Eestimaa Rohelised";235;"TIMUR SAGITOV";163;2;765;0,213071895424837;0,00217876572253485;2
"Erakond Eestimaa Rohelised";238;"RENE KUULMANN";55;5;765;0,0718954248366013;0,000735166348094582;2
"Erakond Eestimaa Rohelised";236;"EERO TÖLPT";36;3;765;0,0470588235294118;0,00048119979148009;2
"Erakond Eestimaa Rohelised";237;"PEETER RAIELO";20;4;765;0,0261437908496732;0,000267333217488939;2
"Erakond Parempoolsed";113;"MART KUUSK";411;1;1202;0,341930116472546;0,0054936976193977;2
"Erakond Parempoolsed";115;"TÕNIS-MARTIN KONS";202;3;1202;0,168053244592346;0,00270006549663828;2
"Erakond Parempoolsed";127;"KATI KÄPP";83;15;1202;0,0690515806988353;0,0011094328525791;2
"Erakond Parempoolsed";121;"KÄTLIN KULDMAA";81;9;1202;0,06738768718802;0,0010826995308302;2
"Erakond Parempoolsed";117;"MAI LOOG";62;5;1202;0,0515806988352745;0,000828732974215711;2
"Erakond Parempoolsed";114;"REIN MURULA";60;2;1202;0,0499168053244592;0,000801999652466817;2
"Erakond Parempoolsed";116;"TARMO LINNAMÄGI";56;4;1202;0,0465890183028286;0,000748533008969029;2
"Erakond Parempoolsed";119;"KRISTA VAPPER";53;7;1202;0,0440931780366057;0,000708433026345689;2
"Erakond Parempoolsed";120;"TAUNO ÕUNAPUU";48;8;1202;0,0399334442595674;0,000641599721973454;2
"Erakond Parempoolsed";124;"SANDRA SANDER";44;12;1202;0,0366056572379368;0,000588133078475666;2
"Erakond Parempoolsed";118;"MAIT RAAVA";28;6;1202;0,0232945091514143;0,000374266504484515;2
"Erakond Parempoolsed";125;"KASPAR PÕDER";25;13;1202;0,0207986688851913;0,000334166521861174;2
"Erakond Parempoolsed";123;"HINDREK MÄNNIK";23;11;1202;0,019134775374376;0,00030743320011228;2
"Erakond Parempoolsed";122;"RAINER LOMP";19;10;1202;0,0158069883527454;0,000253966556614492;2
"Erakond Parempoolsed";126;"JEVGENI GARMAŠ";7;14;1202;0,00582362728785358;9,35666261211287e-05;2
"ISAMAA Erakond";296;"RIHO TERRAS";1724;1;4020;0,428855721393035;0,0230441233475466;2
"ISAMAA Erakond";297;"TARMO KRUUSIMÄE";448;2;4020;0,111442786069652;0,00598826407175224;2
"ISAMAA Erakond";298;"MARKO KALJUVEER";349;3;4020;0,0868159203980099;0,00466496464518199;2
"ISAMAA Erakond";299;"PILLE LILL";279;4;4020;0,0694029850746269;0,0037292983839707;2
"ISAMAA Erakond";301;"LAGLE PAREK";250;6;4020;0,0621890547263682;0,00334166521861174;2
"ISAMAA Erakond";310;"HELDUR-VALDEK SEEDER";235;15;4020;0,0584577114427861;0,00314116530549503;2
"ISAMAA Erakond";303;"MADIS PÄTS";119;8;4020;0,0296019900497512;0,00159063264405919;2
"ISAMAA Erakond";304;"KALEV VAPPER";106;9;4020;0,0263681592039801;0,00141686605269138;2
"ISAMAA Erakond";309;"TÕNIS PALTS";97;14;4020;0,0241293532338308;0,00129656610482135;2
"ISAMAA Erakond";308;"JÜRI TREI";96;13;4020;0,0238805970149254;0,00128319944394691;2
"ISAMAA Erakond";302;"LEA NILSON";92;7;4020;0,0228855721393035;0,00122973280044912;2
"ISAMAA Erakond";305;"PEEP LASSMANN";86;10;4020;0,0213930348258706;0,00114953283520244;2
"ISAMAA Erakond";300;"JAAN SVEN MÄNNIK";52;5;4020;0,0129353233830846;0,000695066365471242;2
"ISAMAA Erakond";306;"TIIT MATSULEVITŠ";49;11;4020;0,0121890547263682;0,000654966382847901;2
"ISAMAA Erakond";307;"FELIKS UNDUSK";38;12;4020;0,00945273631840796;0,000507933113228984;2
"Sotsiaaldemokraatlik Erakond";421;"JEVGENI OSSINOVSKI";2437;1;6434;0,378769039477774;0,0325745525510272;2
"Sotsiaaldemokraatlik Erakond";422;"MADLE LIPPUS";1365;2;6434;0,212154180913895;0,0182454920936201;2
"Sotsiaaldemokraatlik Erakond";428;"ANETTE MÄLETJÄRV";553;8;6434;0,0859496425240908;0,00739176346356917;2
"Sotsiaaldemokraatlik Erakond";435;"TÕNU OJA";328;15;6434;0,0509791731426795;0,0043842647668186;2
"Sotsiaaldemokraatlik Erakond";427;"ARTJOM DMITRIJEV";301;7;6434;0,0467827168169102;0,00402336492320853;2
"Sotsiaaldemokraatlik Erakond";423;"KAAREL OJA";291;3;6434;0,0452284737332919;0,00388969831446406;2
"Sotsiaaldemokraatlik Erakond";424;"MARIS HELLRAND";286;4;6434;0,0444513521914827;0,00382286501009183;2
"Sotsiaaldemokraatlik Erakond";430;"KRISTO SIIG";206;10;6434;0,0320174075225365;0,00275353214013607;2
"Sotsiaaldemokraatlik Erakond";426;"MARGIT HIIET";160;6;6434;0,0248678893378924;0,00213866573991151;2
"Sotsiaaldemokraatlik Erakond";429;"ANNE VETIK";136;9;6434;0,0211377059372086;0,00181786587892479;2
"Sotsiaaldemokraatlik Erakond";432;"SIIM TUISK";107;12;6434;0,0166304009947156;0,00143023271356582;2
"Sotsiaaldemokraatlik Erakond";425;"KIRILL KLAUS";91;5;6434;0,0141436120609263;0,00121636613957467;2
"Sotsiaaldemokraatlik Erakond";431;"VICTORIA EROFEEVA";75;11;6434;0,0116568231271371;0,00100249956558352;2
"Sotsiaaldemokraatlik Erakond";434;"ALEKSANDER VALDMANN";55;14;6434;0,00854833695990053;0,000735166348094582;2
"Sotsiaaldemokraatlik Erakond";433;"JELENA PETRILÄINEN";43;13;6434;0,0066832452595586;0,000574766417601219;2
"Üksikkandidaadid";1068;"SERGEI SVJATUŠENKO";71;1;71;1;0,000949032922085734;2
"Eesti Keskerakond";936;"LAURI LAATS";5984;1;9654;0,619846695670189;0,117140396210164;3
"Eesti Keskerakond";938;"ARKADI POPOV";1490;3;9654;0,154340169877771;0,0291676454467152;3
"Eesti Keskerakond";937;"TIIT TERIK";676;2;9654;0,0700227884814585;0,0132331062563621;3
"Eesti Keskerakond";941;"KERSTIN-OUDEKKI LOONE";402;6;9654;0,0416407706650093;0,00786939159032182;3
"Eesti Keskerakond";945;"IGOR KRAVTŠENKO";276;10;9654;0,0285891858297079;0,00540286586798215;3
"Eesti Keskerakond";940;"EDUARD TOMAN";202;5;9654;0,020923969339134;0,00395427139613186;3
"Eesti Keskerakond";939;"HELVE SÄRGAVA";180;4;9654;0,0186451211932878;0,00352360817477097;3
"Eesti Keskerakond";944;"MARIA DOROŠ";170;9;9654;0,017609281126994;0,00332785216506147;3
"Eesti Keskerakond";943;"VLADIMIR RUSNAK";144;8;9654;0,0149160969546302;0,00281888653981677;3
"Eesti Keskerakond";942;"VAHUR KÕLVART";130;7;9654;0,0134659208618189;0,00254482812622348;3
"Eesti Konservatiivne Rahvaerakond";561;"MARTIN HELME";4606;1;5960;0,772818791946309;0,0901652180721948;3
"Eesti Konservatiivne Rahvaerakond";562;"MARKUS JÄRVI";868;2;5960;0,145637583892617;0,0169916216427844;3
"Eesti Konservatiivne Rahvaerakond";563;"KADRI VILBA";156;3;5960;0,0261744966442953;0,00305379375146817;3
"Eesti Konservatiivne Rahvaerakond";567;"EVE PÄRNASTE";85;7;5960;0,014261744966443;0,00166392608253073;3
"Eesti Konservatiivne Rahvaerakond";566;"MEEME LUKS";81;6;5960;0,0135906040268456;0,00158562367864693;3
"Eesti Konservatiivne Rahvaerakond";564;"MART KALLAS";43;4;5960;0,00721476510067114;0,000841750841750842;3
"Eesti Konservatiivne Rahvaerakond";565;"RAIVO PÕHJAKIVI";39;5;5960;0,00654362416107383;0,000763448437867043;3
"Eesti Konservatiivne Rahvaerakond";568;"MIKE CALAMUS";31;8;5960;0,00520134228187919;0,000606843630099444;3
"Eesti Konservatiivne Rahvaerakond";570;"JAKO KULL";31;10;5960;0,00520134228187919;0,000606843630099444;3
"Eesti Konservatiivne Rahvaerakond";569;"TAAVI PÄRTEL";20;9;5960;0,00335570469798658;0,000391512019418996;3
"Eesti Reformierakond";811;"URMAS PAET";9154;1;17730;0,516300056401579;0,179195051288075;3
"Eesti Reformierakond";812;"MARIS LAURI";4085;2;17730;0,230400451212634;0,07996632996633;3
"Eesti Reformierakond";814;"VILJA TOOMAST";1205;4;17730;0,0679639029892837;0,0235885991699945;3
"Eesti Reformierakond";816;"EERO MERILIND";868;6;17730;0,048956570783982;0,0169916216427844;3
"Eesti Reformierakond";818;"DORIS RAUDSEPP";638;8;17730;0,0359842075578116;0,012489233419466;3
"Eesti Reformierakond";813;"IGOR SCHVEDE";601;3;17730;0,0338973491257755;0,0117649361835408;3
"Eesti Reformierakond";815;"ÕNNE PILLAK";542;5;17730;0,0305696559503666;0,0106099757262548;3
"Eesti Reformierakond";820;"STEN LAANSOO";332;10;17730;0,0187253243090807;0,00649909952235534;3
"Eesti Reformierakond";817;"KAIDO KAABERMA";175;7;17730;0,0098702763677383;0,00342573016991622;3
"Eesti Reformierakond";819;"TÕNU MEIJEL";130;9;17730;0,00733220530174845;0,00254482812622348;3
"EESTIMAA ÜHENDATUD VASAKPARTEI";1045;"IGOR HOPP";372;2;953;0,390346274921301;0,00728212356119333;3
"EESTIMAA ÜHENDATUD VASAKPARTEI";1046;"ALEKSANDR TOLBIN";369;3;953;0,387198321091291;0,00722339675828048;3
"EESTIMAA ÜHENDATUD VASAKPARTEI";1044;"LEILA EERITS";212;1;953;0,222455403987408;0,00415002740584136;3
"Erakond Eesti 200";686;"MARGUS TSAHKNA";2922;1;7263;0,402313093762908;0,0571999060371153;3
"Erakond Eesti 200";688;"JUKU-KALLE RAID";1281;3;7263;0,176373399421727;0,0250763448437867;3
"Erakond Eesti 200";687;"KRIS LEINATAMM";1047;2;7263;0,144155307724081;0,0204956542165845;3
"Erakond Eesti 200";691;"ALEKSEI JAŠIN";483;6;7263;0,0665014456836018;0,00945501526896876;3
"Erakond Eesti 200";692;"KASPAR KASEPÕLD";340;7;7263;0,046812611868374;0,00665570433012294;3
"Erakond Eesti 200";689;"KADRI JÄÄTMA";329;4;7263;0,0452980861902795;0,00644037271944249;3
"Erakond Eesti 200";690;"TANEL SOKK";319;5;7263;0,0439212446647391;0,00624461670973299;3
"Erakond Eesti 200";695;"JOONAS LAKS";199;10;7263;0,0273991463582542;0,00389554459321901;3
"Erakond Eesti 200";693;"KERTI KOLLOM SEIDELBERG";174;8;7263;0,0239570425444031;0,00340615456894527;3
"Erakond Eesti 200";694;"MAREK KARM";169;9;7263;0,0232686217816329;0,00330827656409052;3
"Erakond Eestimaa Rohelised";239;"HELINA TILK";265;1;584;0,453767123287671;0,0051875342573017;3
"Erakond Eestimaa Rohelised";240;"KATRIN JÕGISAAR";142;2;584;0,243150684931507;0,00277973533787487;3
"Erakond Eestimaa Rohelised";242;"EGLE OLESK";112;4;584;0,191780821917808;0,00219246730874638;3
"Erakond Eestimaa Rohelised";241;"JANEK JÕGISAAR";65;3;584;0,111301369863014;0,00127241406311174;3
"Erakond Parempoolsed";128;"SIIM VALMAR KIISLER";530;1;1072;0,494402985074627;0,0103750685146034;3
"Erakond Parempoolsed";129;"INDREK LUBERG";194;2;1072;0,180970149253731;0,00379766658836426;3
"Erakond Parempoolsed";130;"ÜLLE MITT";100;3;1072;0,0932835820895522;0,00195756009709498;3
"Erakond Parempoolsed";135;"TÕNU PIHELGAS";64;8;1072;0,0597014925373134;0,00125283846214079;3
"Erakond Parempoolsed";133;"MARGIT LEERIMAA";59;6;1072;0,0550373134328358;0,00115496045728604;3
"Erakond Parempoolsed";131;"JORMA PUUSAAG";53;4;1072;0,0494402985074627;0,00103750685146034;3
"Erakond Parempoolsed";134;"RAUL ENNUS";40;7;1072;0,0373134328358209;0,000783024038837992;3
"Erakond Parempoolsed";137;"RUDOLF KASPER NARUSKI";23;10;1072;0,021455223880597;0,000450238822331846;3
"Erakond Parempoolsed";136;"OIVI NÕMMERGA";6;9;1072;0,00559701492537313;0,000117453605825699;3
"Erakond Parempoolsed";132;"IMRE MIGUEL KAJU";3;5;1072;0,00279850746268657;5,87268029128494e-05;3
"ISAMAA Erakond";311;"RAIVO TAMM";1693;1;3305;0,512254160363086;0,033141492443818;3
"ISAMAA Erakond";312;"LEA DANILSON-JÄRG";409;2;3305;0,12375189107413;0,00800642079711847;3
"ISAMAA Erakond";313;"KALLE MUULI";319;3;3305;0,0965204236006051;0,00624461670973299;3
"ISAMAA Erakond";319;"TRIVIMI VELLISTE";274;9;3305;0,0829046898638427;0,00536371466604025;3
"ISAMAA Erakond";314;"MERIKE VÄRIK";185;4;3305;0,0559757942511346;0,00362148617962571;3
"ISAMAA Erakond";320;"MART RANNUT";135;10;3305;0,0408472012102874;0,00264270613107822;3
"ISAMAA Erakond";316;"KADI ALATALU";120;6;3305;0,0363086232980333;0,00234907211651398;3
"ISAMAA Erakond";315;"MIKK TARGO";75;5;3305;0,0226928895612708;0,00146817007282124;3
"ISAMAA Erakond";317;"GERRY KONNOV";58;7;3305;0,0175491679273828;0,00113538485631509;3
"ISAMAA Erakond";318;"KRISTIAN TASKA";37;8;3305;0,0111951588502269;0,000724297235925143;3
"Sotsiaaldemokraatlik Erakond";436;"RIINA SIKKUT";2531;1;4563;0,554678939294324;0,049545846057474;3
"Sotsiaaldemokraatlik Erakond";437;"SVEN MIKSER";665;2;4563;0,145737453429761;0,0130177746456816;3
"Sotsiaaldemokraatlik Erakond";441;"KARMO KURI";336;6;4563;0,0736357659434582;0,00657740192623914;3
"Sotsiaaldemokraatlik Erakond";438;"KÜLLI URB";202;3;4563;0,0442691211921981;0,00395427139613186;3
"Sotsiaaldemokraatlik Erakond";440;"MERLI REIDOLF";197;5;4563;0,0431733508656586;0,00385639339127711;3
"Sotsiaaldemokraatlik Erakond";445;"MART MERI";186;10;4563;0,0407626561472715;0,00364106178059666;3
"Sotsiaaldemokraatlik Erakond";439;"LAURI PAEVEER";181;4;4563;0,039666885820732;0,00354318377574192;3
"Sotsiaaldemokraatlik Erakond";442;"MARI SPEEK";139;7;4563;0,0304624150777997;0,00272100853496202;3
"Sotsiaaldemokraatlik Erakond";444;"ANTO LIIVAT";106;9;4563;0,0232303309226386;0,00207501370292068;3
"Sotsiaaldemokraatlik Erakond";443;"VAHUR KOORITS";20;8;4563;0,00438308130615823;0,000391512019418996;3
"Eesti Keskerakond";946;"JÜRI RATAS";7672;1;10724;0,715404699738903;0,0726611482582918;4
"Eesti Keskerakond";949;"VLADIMIR ARHIPOV";1103;4;10724;0,102853412905632;0,0104464607050177;4
"Eesti Keskerakond";948;"SVEN SOIVER";262;3;10724;0,0244311823946289;0,00248138957816377;4
"Eesti Keskerakond";955;"ILJA BAN";242;10;10724;0,0225662066393137;0,00229197052639554;4
"Eesti Keskerakond";953;"OLEG TŠUBAROV";235;8;10724;0,0219134651249534;0,00222567385827667;4
"Eesti Keskerakond";963;"RAIVO UUKKIVI";224;18;10724;0,02088772845953;0,00212149337980414;4
"Eesti Keskerakond";960;"NATALIA MALLEUS";168;15;10724;0,0156657963446475;0,00159112003485311;4
"Eesti Keskerakond";957;"OKSANA JÕE";150;12;10724;0,0139873181648639;0,0014206428882617;4
"Eesti Keskerakond";947;"EVA-MARIA LIIMETS";138;2;10724;0,0128683327116747;0,00130699145720077;4
"Eesti Keskerakond";951;"JAANUS KALEV";112;6;10724;0,010443864229765;0,00106074668990207;4
"Eesti Keskerakond";950;"ANNIKA VAIKLA";106;5;10724;0,00988437150317046;0,0010039209743716;4
"Eesti Keskerakond";952;"KATRIN ANTO";106;7;10724;0,00988437150317046;0,0010039209743716;4
"Eesti Keskerakond";956;"ROBERT ANTROPOV";90;11;10724;0,00839239089891831;0,000852385732957021;4
"Eesti Keskerakond";954;"ENE LILL";40;9;10724;0,00372995151063036;0,000378838103536454;4
"Eesti Keskerakond";962;"ANDRES KALVIK";31;17;10724;0,00289071242073853;0,000293599530240752;4
"Eesti Keskerakond";959;"SULIKO LIIV";19;14;10724;0,00177172696754942;0,000179948099179816;4
"Eesti Keskerakond";958;"EINGARD TOPS";14;13;10724;0,00130548302872063;0,000132593336237759;4
"Eesti Keskerakond";961;"ANDRES KOLLIST";12;16;10724;0,00111898545318911;0,000113651431060936;4
"Eesti Konservatiivne Rahvaerakond";571;"HENN PÕLLUAAS";5781;1;15380;0,375877763328999;0,054751576913606;4
"Eesti Konservatiivne Rahvaerakond";572;"SIIM POHLAK";4223;2;15380;0,274577373211964;0,0399958327808611;4
"Eesti Konservatiivne Rahvaerakond";573;"RENE KOKK";1016;3;15380;0,0660598179453836;0,00962248782982592;4
"Eesti Konservatiivne Rahvaerakond";579;"KRISTEL MENNING";490;9;15380;0,0318595578673602;0,00464076676832156;4
"Eesti Konservatiivne Rahvaerakond";578;"RAUL SIEM";490;8;15380;0,0318595578673602;0,00464076676832156;4
"Eesti Konservatiivne Rahvaerakond";575;"RUDOLF JEESER";456;5;15380;0,0296488946684005;0,00431875438031557;4
"Eesti Konservatiivne Rahvaerakond";574;"KAI RIMMEL";430;4;15380;0,0279583875162549;0,00407250961301688;4
"Eesti Konservatiivne Rahvaerakond";585;"LEO KUNMAN";427;15;15380;0,0277633289986996;0,00404409675525164;4
"Eesti Konservatiivne Rahvaerakond";587;"KAUPO MÄNNISTE";411;17;15380;0,0267230169050715;0,00389256151383706;4
"Eesti Konservatiivne Rahvaerakond";580;"JAANUS HÄRMS";312;10;15380;0,0202860858257477;0,00295493720758434;4
"Eesti Konservatiivne Rahvaerakond";577;"HASSO UUETOA";271;7;15380;0,0176202860858257;0,00256662815145947;4
"Eesti Konservatiivne Rahvaerakond";576;"PAUL PUUSTUSMAA";211;6;15380;0,0137191157347204;0,00199837099615479;4
"Eesti Konservatiivne Rahvaerakond";586;"HEINO MÄRKS";180;16;15380;0,011703511053316;0,00170477146591404;4
"Eesti Konservatiivne Rahvaerakond";582;"MATTI SILLA";154;12;15380;0,0100130039011704;0,00145852669861535;4
"Eesti Konservatiivne Rahvaerakond";588;"PEETER KRALL";151;18;15380;0,00981794538361508;0,00143011384085011;4
"Eesti Konservatiivne Rahvaerakond";581;"MERLIIN GRAUBERG-RIISENBERG";148;11;15380;0,00962288686605982;0,00140170098308488;4
"Eesti Konservatiivne Rahvaerakond";583;"MAIT JÄRVIK";126;13;15380;0,0081924577373212;0,00119334002613983;4
"Eesti Konservatiivne Rahvaerakond";584;"RANNO POOL";103;14;15380;0,00669700910273082;0,000975508116606368;4
"Eesti Reformierakond";821;"KAJA KALLAS";31816;1;42277;0,752560493885564;0,301327827552895;4
"Eesti Reformierakond";822;"MARKO MIHKELSON";2640;2;42277;0,0624453012276179;0,0250033148334059;4
"Eesti Reformierakond";824;"AIVAR SÕERD";1248;4;42277;0,0295195969439648;0,0118197488303374;4
"Eesti Reformierakond";826;"TIMO SUSLOV";1033;6;42277;0,0244340894576247;0,00978349402382892;4
"Eesti Reformierakond";825;"KRISTINA ŠMIGUN-VÄHI";1005;5;42277;0,0237717908082409;0,0095183073513534;4
"Eesti Reformierakond";827;"MARIO KADASTIK";962;7;42277;0,0227546893109729;0,00911105639005171;4
"Eesti Reformierakond";823;"MART VÕRKLAEV";908;3;42277;0,0214773990585898;0,0085996249502775;4
"Eesti Reformierakond";829;"ANDRUS UMBOJA";466;9;42277;0,0110225418076022;0,00441346390619969;4
"Eesti Reformierakond";831;"MAARJA METSTAK";406;11;42277;0,00960333041606547;0,003845206750895;4
"Eesti Reformierakond";835;"DORIS LISETT RUDNEVS";325;15;42277;0,00768739503749083;0,00307805959123369;4
"Eesti Reformierakond";830;"MART EENSALU";324;10;42277;0,00766374151429856;0,00306858863864527;4
"Eesti Reformierakond";834;"RIHO JOHANSON";272;14;42277;0,00643375830830002;0,00257609910404788;4
"Eesti Reformierakond";837;"ANNA ÕUEKALLAS";210;17;42277;0,00496723987037869;0,00198890004356638;4
"Eesti Reformierakond";832;"KALLE TOOMET";199;12;42277;0,00470705111526362;0,00188471956509386;4
"Eesti Reformierakond";828;"MERLE PUSSAK";198;8;42277;0,00468339759207134;0,00187524861250545;4
"Eesti Reformierakond";836;"OTT KASURI";146;16;42277;0,00345341438607281;0,00138275907790806;4
"Eesti Reformierakond";838;"AIVO RAHU";67;18;42277;0,00158478605388273;0,00063455382342356;4
"Eesti Reformierakond";833;"ENA SOODLA";52;13;42277;0,00122998320599853;0,00049248953459739;4
"EESTIMAA ÜHENDATUD VASAKPARTEI";1048;"STEPAN ROMANOV";1017;2;1334;0,762368815592204;0,00963195878241434;4
"EESTIMAA ÜHENDATUD VASAKPARTEI";1047;"REDMOND DULGER";317;1;1334;0,237631184407796;0,0030022919705264;4
"Erakond Eesti 200";696;"LAURI HUSSAR";3343;1;14423;0,231782569507037;0,0316613945030591;4
"Erakond Eesti 200";697;"TOOMAS UIBO";2420;2;14423;0,167787561533662;0,0229197052639554;4
"Erakond Eesti 200";713;"JOAKIM JOHAN HELENIUS";2001;18;14423;0,13873673992928;0,0189513761294111;4
"Erakond Eesti 200";698;"KÜLLI TAMMUR";1275;3;14423;0,0884004714691812;0,0120754645502245;4
"Erakond Eesti 200";699;"RAUL-STIG RÄSTA";1142;4;14423;0,0791790889551411;0,0108158278559658;4
"Erakond Eesti 200";700;"SIIRI SISASK";984;5;14423;0,0682243638632739;0,00931941734699676;4
"Erakond Eesti 200";704;"MERLIN LINDE";580;9;14423;0,0402135478055883;0,00549315250127858;4
"Erakond Eesti 200";702;"EVELIN AUSMEES";397;7;14423;0,0275254801358941;0,0037599681775993;4
"Erakond Eesti 200";701;"ATSO MATSALU";355;6;14423;0,0246134646051446;0,00336218816888603;4
"Erakond Eesti 200";711;"TIMO NIKITIN";353;16;14423;0,0244747971989184;0,0033432462637092;4
"Erakond Eesti 200";703;"URMAS KRISTAL";284;8;14423;0,0196907716841156;0,00268975053510882;4
"Erakond Eesti 200";706;"INES ARNA";265;11;14423;0,0183734313249671;0,00250980243592901;4
"Erakond Eesti 200";705;"TORMI TABOR";252;10;14423;0,017472093184497;0,00238668005227966;4
"Erakond Eesti 200";709;"MIHKEL TIKERPALU";236;14;14423;0,0163627539346877;0,00223514481086508;4
"Erakond Eesti 200";708;"KAIRE VEINTHAL";217;13;14423;0,0150454135755391;0,00205519671168526;4
"Erakond Eesti 200";712;"JÜRI LEHTMETS";131;17;14423;0,00908271510781391;0,00124069478908189;4
"Erakond Eesti 200";707;"JAAN TEPP";129;12;14423;0,00894404770158774;0,00122175288390506;4
"Erakond Eesti 200";710;"KRISTO MÄGI";59;15;14423;0,00409068848367191;0,000558786202716269;4
"Erakond Eestimaa Rohelised";243;"NIKOLAI DEGTJARENKO";183;1;747;0,244979919678715;0,00173318432367928;4
"Erakond Eestimaa Rohelised";247;"SUSANNA SAAR";125;5;747;0,167336010709505;0,00118386907355142;4
"Erakond Eestimaa Rohelised";245;"KAREN KANGRO BURNS";114;3;747;0,152610441767068;0,00107968859507889;4
"Erakond Eestimaa Rohelised";244;"OLIVER LIIDEMANN";104;2;747;0,139223560910308;0,00098497906919478;4
"Erakond Eestimaa Rohelised";248;"SIIRI ALBERG";87;6;747;0,116465863453815;0,000823972875191787;4
"Erakond Eestimaa Rohelised";246;"ERKKI MARKUS";85;4;747;0,113788487282463;0,000805030970014964;4
"Erakond Eestimaa Rohelised";249;"HAROLD OJA";49;7;747;0,0655957161981258;0,000464076676832156;4
"Erakond Parempoolsed";138;"LAVLY PERLING";2443;1;3544;0,689334085778781;0,0231375371734889;4
"Erakond Parempoolsed";139;"ANDRES LAISK";285;2;3544;0,0804176072234763;0,00269922148769723;4
"Erakond Parempoolsed";140;"ANDRES KAARMANN";162;3;3544;0,0457110609480813;0,00153429431932264;4
"Erakond Parempoolsed";141;"AIMUR LIIVA";95;4;3544;0,0268058690744921;0,000899740495899078;4
"Erakond Parempoolsed";145;"ALAR MUTLI";87;8;3544;0,024548532731377;0,000823972875191787;4
"Erakond Parempoolsed";143;"ANDO EELMAA";63;6;3544;0,0177765237020316;0,000596670013069915;4
"Erakond Parempoolsed";144;"EERO ALAMAA";55;7;3544;0,0155191873589165;0,000520902392362624;4
"Erakond Parempoolsed";150;"SIGNE LAAR";54;13;3544;0,0152370203160271;0,000511431439774213;4
"Erakond Parempoolsed";146;"ANDRUS KAARELSON";53;9;3544;0,0149548532731377;0,000501960487185801;4
"Erakond Parempoolsed";147;"VIRKO RAAGMETS";49;10;3544;0,0138261851015801;0,000464076676832156;4
"Erakond Parempoolsed";154;"ADRIANA JORDAN";43;17;3544;0,0121331828442438;0,000407250961301688;4
"Erakond Parempoolsed";142;"KADRI TILLEMANN";33;5;3544;0,00931151241534989;0,000312541435417574;4
"Erakond Parempoolsed";153;"VILLE VALLASTE";32;16;3544;0,0090293453724605;0,000303070482829163;4
"Erakond Parempoolsed";151;"AGU LAIUS";26;14;3544;0,00733634311512415;0,000246244767298695;4
"Erakond Parempoolsed";148;"ANNE ENSLING";20;11;3544;0,00564334085778781;0,000189419051768227;4
"Erakond Parempoolsed";152;"ARVO VESKIMETS";18;15;3544;0,00507900677200903;0,000170477146591404;4
"Erakond Parempoolsed";155;"ANN RÄÄMET";15;18;3544;0,00423250564334086;0,00014206428882617;4
"Erakond Parempoolsed";149;"IVETA TOMERA";11;12;3544;0,0031038374717833;0,000104180478472525;4
"ISAMAA Erakond";321;"URMAS REINSALU";4509;1;8796;0,512619372442019;0,0427045252211467;4
"ISAMAA Erakond";324;"HEIKI HEPNER";1024;4;8796;0,116416552978627;0,00969825545053321;4
"ISAMAA Erakond";323;"LAURI VAHTRE";510;3;8796;0,0579809004092769;0,00483018582008979;4
"ISAMAA Erakond";328;"GERLI LEHE";440;8;8796;0,0500227376080036;0,00416721913890099;4
"ISAMAA Erakond";322;"RAIVO AEG";418;2;8796;0,0475216007276035;0,00395885818195594;4
"ISAMAA Erakond";325;"TANEL OTS";312;5;8796;0,0354706684856753;0,00295493720758434;4
"ISAMAA Erakond";326;"TARMO KÕUTS";288;6;8796;0,0327421555252387;0,00272763434546247;4
"ISAMAA Erakond";329;"MARI-ANN KELAM";280;9;8796;0,0318326512050932;0,00265186672475518;4
"ISAMAA Erakond";327;"ARTUR TIGANIK";248;7;8796;0,0281946339245111;0,00234879624192601;4
"ISAMAA Erakond";336;"VILLU KARU";114;16;8796;0,0129604365620737;0,00107968859507889;4
"ISAMAA Erakond";332;"MERIKE KÄVER";110;12;8796;0,0125056844020009;0,00104180478472525;4
"ISAMAA Erakond";331;"ERIK SANDLA";93;11;8796;0,0105729877216917;0,000880798590722255;4
"ISAMAA Erakond";335;"VALDIS TOOMAST";91;15;8796;0,0103456116416553;0,000861856685545432;4
"ISAMAA Erakond";330;"JAN TREI";83;10;8796;0,00943610732150978;0,000786089064838141;4
"ISAMAA Erakond";337;"ANNE EENPALU";81;17;8796;0,0092087312414734;0,000767147159661319;4
"ISAMAA Erakond";333;"PRIIT PÕLDMÄE";75;13;8796;0,00852660300136426;0,000710321444130851;4
"ISAMAA Erakond";334;"MARJU AOLAID";72;14;8796;0,00818553888130969;0,000681908586365617;4
"ISAMAA Erakond";338;"IMRE RAMMUL";48;18;8796;0,00545702592087312;0,000454605724243744;4
"Sotsiaaldemokraatlik Erakond";446;"MARINA KALJURAND";4145;1;7483;0,553922223707069;0,039257098478965;4
"Sotsiaaldemokraatlik Erakond";447;"TIIT MARAN";709;2;7483;0,0947480956835494;0,00671490538518364;4
"Sotsiaaldemokraatlik Erakond";450;"TRIIN TOOMESAAR";698;5;7483;0,0932780970199118;0,00661072490671112;4
"Sotsiaaldemokraatlik Erakond";463;"TANEL TALVE";292;18;7483;0,0390217827074703;0,00276551815581611;4
"Sotsiaaldemokraatlik Erakond";449;"PILLE PETERSOO";287;4;7483;0,0383536014967259;0,00271816339287406;4
"Sotsiaaldemokraatlik Erakond";455;"HARDI VOLMER";267;10;7483;0,0356808766537485;0,00252874434110583;4
"Sotsiaaldemokraatlik Erakond";453;"ANNELI PÄRLIN";234;8;7483;0,0312708806628358;0,00221620290568825;4
"Sotsiaaldemokraatlik Erakond";459;"EGLE PULLERITS-HEINSAR";180;14;7483;0,0240545235867967;0,00170477146591404;4
"Sotsiaaldemokraatlik Erakond";448;"JÜRI ROSS";115;3;7483;0,0153681678471201;0,0010891595476673;4
"Sotsiaaldemokraatlik Erakond";457;"OTT VALDMA";102;12;7483;0,0136308966991848;0,000966037164017957;4
"Sotsiaaldemokraatlik Erakond";462;"MARGIT VÄIKMERI";93;17;7483;0,012428170519845;0,000880798590722255;4
"Sotsiaaldemokraatlik Erakond";460;"HESTIA RINDLA";71;15;7483;0,00948817319256983;0,000672437633777205;4
"Sotsiaaldemokraatlik Erakond";451;"AIVAR JAESKI";64;6;7483;0,00855271949752773;0,000606140965658326;4
"Sotsiaaldemokraatlik Erakond";461;"JARI PÄRGMA";60;16;7483;0,00801817452893225;0,000568257155304681;4
"Sotsiaaldemokraatlik Erakond";452;"HENRI KASELO";46;7;7483;0,00614726713884806;0,000435663819066922;4
"Sotsiaaldemokraatlik Erakond";454;"EVE KISLOV";45;9;7483;0,00601363089669919;0,00042619286647851;4
"Sotsiaaldemokraatlik Erakond";458;"VLADISLAV VELIŽANIN";42;13;7483;0,00561272217025257;0,000397780008713276;4
"Sotsiaaldemokraatlik Erakond";456;"RAIGO MÜNTER";33;11;7483;0,00440999599091274;0,000312541435417574;4
"Üksikkandidaadid";1066;"VLADAS RADVILAVIČIUS";816;2;878;0,929384965831435;0,00772829731214366;4
"Üksikkandidaadid";1067;"VELLO KOOKMAA";33;3;878;0,0375854214123007;0,000312541435417574;4
"Üksikkandidaadid";1060;"ALAR KOOKMAA";29;1;878;0,0330296127562642;0,000274657625063929;4
"Eesti Keskerakond";964;"JAANUS KARILAID";2162;1;4030;0,536476426799007;0,0602967425256582;5
"Eesti Keskerakond";965;"MIHKEL UNDREST";828;2;4030;0,20545905707196;0,0230923694779116;5
"Eesti Keskerakond";966;"ANTTI LEIGRI";496;3;4030;0,123076923076923;0,0138331102186524;5
"Eesti Keskerakond";967;"NEEME VÄLI";159;4;4030;0,039454094292804;0,00443440428380187;5
"Eesti Keskerakond";971;"JANEK MÄGGI";127;8;4030;0,0315136476426799;0,00354194556001785;5
"Eesti Keskerakond";968;"ENE VAHTER";123;5;4030;0,0305210918114144;0,00343038821954485;5
"Eesti Keskerakond";969;"KATRIN PAUTS";82;6;4030;0,0203473945409429;0,00228692547969656;5
"Eesti Keskerakond";970;"EBEKAI HÄRM";53;7;4030;0,013151364764268;0,00147813476126729;5
"Eesti Konservatiivne Rahvaerakond";589;"HELLE-MOONIKA HELME";3529;1;6951;0,507696734282837;0,098421463632307;5
"Eesti Konservatiivne Rahvaerakond";591;"KRISTJAN MOORA";1163;3;6951;0,167314055531578;0,0324352967425257;5
"Eesti Konservatiivne Rahvaerakond";590;"DANIEL MEREÄÄR";638;2;6951;0,0917853546252338;0,017793395805444;5
"Eesti Konservatiivne Rahvaerakond";592;"HARDI REHKALT";474;4;6951;0,0681916271040138;0,0132195448460509;5
"Eesti Konservatiivne Rahvaerakond";593;"PALLE KÕLAR";458;5;6951;0,0658898000287728;0,0127733154841589;5
"Eesti Konservatiivne Rahvaerakond";594;"MARTIN JUDANOV";271;6;6951;0,038987196086894;0,00755800981704596;5
"Eesti Konservatiivne Rahvaerakond";596;"JAEN TEÄR";254;8;6951;0,0365415048194504;0,0070838911200357;5
"Eesti Konservatiivne Rahvaerakond";595;"ROLAND MERE";164;7;6951;0,02359372752122;0,00457385095939313;5
"Eesti Reformierakond";839;"KALLE LAANET";4347;1;9912;0,438559322033898;0,121234939759036;5
"Eesti Reformierakond";840;"URVE TIIDUS";2085;2;9912;0,210351089588378;0,0581492637215529;5
"Eesti Reformierakond";841;"AIVAR VIIDIK";1029;3;9912;0,103813559322034;0,0286981258366801;5
"Eesti Reformierakond";846;"JAANUS TAMKIVI";790;8;9912;0,0797013720742534;0,0220325747434181;5
"Eesti Reformierakond";843;"MARLIIS RETTAU";702;5;9912;0,0708232445520581;0,019578313253012;5
"Eesti Reformierakond";842;"JAANUS RATAS";368;4;9912;0,0371267150928168;0,0102632753235163;5
"Eesti Reformierakond";844;"ROGER TIBAR";338;6;9912;0,0341000807102502;0,00942659526996876;5
"Eesti Reformierakond";845;"JAANUS MÜÜR";253;7;9912;0,0255246166263115;0,00705600178491745;5
"Erakond Eesti 200";714;"GRIGORE-KALEV STOICESCU";3664;1;6116;0,599084368868542;0,102186523873271;5
"Erakond Eesti 200";715;"KOIT KELDER";982;2;6116;0,16056245912361;0,0273873270861223;5
"Erakond Eesti 200";716;"KAI TARMULA";522;3;6116;0,0853499018966645;0,0145582329317269;5
"Erakond Eesti 200";721;"PAAP USPENSKI";415;8;6116;0,0678548070634402;0,0115740740740741;5
"Erakond Eesti 200";720;"MARKO MATVEI";175;7;6116;0,0286134728580772;0,00488063364569389;5
"Erakond Eesti 200";717;"KEITH SIILATS";145;4;6116;0,0237083060824068;0,00404395359214636;5
"Erakond Eesti 200";719;"JAANIKA ROOSMAN";137;6;6116;0,0224002616088947;0,00382083891120036;5
"Erakond Eesti 200";718;"TÕNU OTS";76;5;6116;0,0124264224983649;0,00211958946898706;5
"Erakond Eestimaa Rohelised";253;"ALEKSEI LOTMAN";159;4;311;0,511254019292605;0,00443440428380187;5
"Erakond Eestimaa Rohelised";252;"LOORE HÄRMAT";54;3;311;0,173633440514469;0,00150602409638554;5
"Erakond Eestimaa Rohelised";251;"STEVE TRUUMETS";50;2;311;0,160771704180064;0,00139446675591254;5
"Erakond Eestimaa Rohelised";250;"KALLE VIRKUS";48;1;311;0,154340836012862;0,00133868808567604;5
"Erakond Parempoolsed";156;"KRISTJAN VANASELJA";462;1;745;0,620134228187919;0,0128848728246319;5
"Erakond Parempoolsed";158;"TOOMAS KASEMAA";66;3;745;0,0885906040268456;0,00184069611780455;5
"Erakond Parempoolsed";157;"INGA KUPP-SILBERG";65;2;745;0,087248322147651;0,0018128067826863;5
"Erakond Parempoolsed";160;"TÕNU LIIVO";54;5;745;0,0724832214765101;0,00150602409638554;5
"Erakond Parempoolsed";161;"KERLI ELBRECHT";41;6;745;0,0550335570469799;0,00114346273984828;5
"Erakond Parempoolsed";163;"JAAN MIHKEL UUSTALU";24;8;745;0,0322147651006711;0,000669344042838019;5
"Erakond Parempoolsed";162;"MIHKEL PALK";17;7;745;0,0228187919463087;0,000474118697010263;5
"Erakond Parempoolsed";159;"TIIU NIGUL";16;4;745;0,0214765100671141;0,000446229361892012;5
"ISAMAA Erakond";339;"MART MAASTIK";855;1;2814;0,303837953091684;0,0238453815261044;5
"ISAMAA Erakond";340;"MIKK LÕHMUS";481;2;2814;0,17093105899076;0,0134147701918786;5
"ISAMAA Erakond";342;"ANTI TOPLAAN";435;4;2814;0,154584221748401;0,0121318607764391;5
"ISAMAA Erakond";341;"ANDRUS ILUMETS";424;3;2814;0,150675195451315;0,0118250780901383;5
"ISAMAA Erakond";346;"KAIDO KAASIK";277;8;2814;0,0984363894811656;0,00772534582775547;5
"ISAMAA Erakond";343;"KERSTI TRUVERK";160;5;2814;0,0568585643212509;0,00446229361892013;5
"ISAMAA Erakond";344;"KALMER POOPUU";113;6;2814;0,0401563610518834;0,00315149486836234;5
"ISAMAA Erakond";345;"TÕNU MUNK";69;7;2814;0,0245202558635394;0,0019243641231593;5
"Sotsiaaldemokraatlik Erakond";464;"MADIS KALLAS";2254;1;4977;0,452883263009845;0,0628625613565373;5
"Sotsiaaldemokraatlik Erakond";465;"REILI RAND";1361;2;4977;0,273457906369299;0,0379573850959393;5
"Sotsiaaldemokraatlik Erakond";466;"NEEME SUUR";488;3;4977;0,0980510347598955;0,0136099955377064;5
"Sotsiaaldemokraatlik Erakond";467;"EIKI NESTOR";276;4;4977;0,055455093429777;0,00769745649263722;5
"Sotsiaaldemokraatlik Erakond";471;"HEIKI HANSO";249;8;4977;0,0500301386377336;0,00694444444444444;5
"Sotsiaaldemokraatlik Erakond";469;"ANGELA SIINOR";190;6;4977;0,038175607795861;0,00529897367246765;5
"Sotsiaaldemokraatlik Erakond";468;"MARIS JÕGEVA";100;5;4977;0,0200924251557163;0,00278893351182508;5
"Sotsiaaldemokraatlik Erakond";470;"MARGE KANNA";59;7;4977;0,0118545308418726;0,0016454707719768;5
"Eesti Keskerakond";972;"SIRET KOTKA";1430;1;3788;0,377507919746568;0,0505711355518619;6
"Eesti Keskerakond";973;"TRIIN VAREK";1198;2;3788;0,316261879619852;0,0423665876861053;6
"Eesti Keskerakond";978;"TOOMAS VÄINASTE";309;7;3788;0,0815733896515311;0,0109276090108569;6
"Eesti Keskerakond";975;"ANDRES SÕBER";304;4;3788;0,0802534318901795;0,0107507868585776;6
"Eesti Keskerakond";974;"MAKSIM BUTŠENKOV";255;3;3788;0,0673178458289335;0,00901792976624111;6
"Eesti Keskerakond";977;"HANS KRUUSAMÄGI";235;6;3788;0,0620380147835269;0,00831064115712416;6
"Eesti Keskerakond";976;"ANDRI VÕSOKOVSKI";57;5;3788;0,0150475184794087;0,00201577253598331;6
"Eesti Konservatiivne Rahvaerakond";597;"ANTI POOLAMETS";2831;1;5779;0,48987714137394;0,100116702620504;6
"Eesti Konservatiivne Rahvaerakond";600;"EVELIN POOLAMETS";968;4;5779;0,167503028205572;0,0342327686812604;6
"Eesti Konservatiivne Rahvaerakond";598;"MARTI KUUSIK";790;2;5779;0,136701851531407;0,0279379000601195;6
"Eesti Konservatiivne Rahvaerakond";599;"AARNE MÄE";422;3;5779;0,0730230143623464;0,0149237896523676;6
"Eesti Konservatiivne Rahvaerakond";602;"ANDERO PÕLLU";397;6;5779;0,0686970064024918;0,0140396788909715;6
"Eesti Konservatiivne Rahvaerakond";603;"LEO BERGSTRÖM";232;7;5779;0,0401453538674511;0,00820454786575662;6
"Eesti Konservatiivne Rahvaerakond";601;"VALDO HELMELAID";139;5;5779;0,0240526042567918;0,0049156558333628;6
"Eesti Reformierakond";847;"HANNO PEVKUR";6567;1;8783;0,747694409655015;0,232238214803551;6
"Eesti Reformierakond";848;"KATRIN KUUSEMÄE";662;2;8783;0,0753728794261642;0,0234112529617711;6
"Eesti Reformierakond";849;"INDREK KESKÜLA";504;3;8783;0,0573835819196174;0,0178236729497471;6
"Eesti Reformierakond";852;"IVAR LILLEBERG";299;6;8783;0,0340430376864397;0,0105739647062984;6
"Eesti Reformierakond";850;"LIIVIKA TOMING";278;4;8783;0,0316520551064557;0,00983131166672561;6
"Eesti Reformierakond";851;"RIHO TELL";264;5;8783;0,0300580667197996;0,00933620964034374;6
"Eesti Reformierakond";853;"AINAR SEPNIK";209;7;8783;0,023795969486508;0,00739116596527213;6
"EESTIMAA ÜHENDATUD VASAKPARTEI";1049;"JELENA FJODOROVA";415;1;415;1;0,0146762386391767;6
"Erakond Eesti 200";722;"TARMO TAMM";876;1;2474;0,35408245755861;0,0309792410793224;6
"Erakond Eesti 200";728;"KRÕÕT NÕMMELA-MEHIDE";442;7;2474;0,178658043654002;0,0156310782614846;6
"Erakond Eesti 200";726;"AARE RAAM";334;5;2474;0,135004042037187;0,0118117197722531;6
"Erakond Eesti 200";723;"TIIA SIHVER";286;2;2474;0,115602263540825;0,0101142271103724;6
"Erakond Eesti 200";724;"RAINER MILTOP";259;3;2474;0,104688763136621;0,00915938748806451;6
"Erakond Eesti 200";725;"HELENE LUMI";199;4;2474;0,0804365400161682;0,00703752166071365;6
"Erakond Eesti 200";727;"REIGO LEHTLA";78;6;2474;0,0315278900565885;0,00275842557555611;6
"Erakond Eestimaa Rohelised";254;"JAANUS NURMOJA";75;1;150;0,5;0,00265233228418856;6
"Erakond Eestimaa Rohelised";255;"TUULA RAIDNA";75;2;150;0,5;0,00265233228418856;6
"Erakond Parempoolsed";164;"TIINA UUENI";477;1;844;0,565165876777251;0,0168688333274393;6
"Erakond Parempoolsed";165;"JANEK PUUSEPP";115;2;844;0,136255924170616;0,00406690950242246;6
"Erakond Parempoolsed";166;"BIRGIT REMIKÜLL";76;3;844;0,0900473933649289;0,00268769671464441;6
"Erakond Parempoolsed";167;"MERLI KAUNISSAAR";61;4;844;0,0722748815165877;0,0021572302578067;6
"Erakond Parempoolsed";170;"AIRI LIIVA";46;7;844;0,0545023696682464;0,00162676380096899;6
"Erakond Parempoolsed";168;"ÜLAR LEMBKE";40;5;844;0,0473933649289099;0,0014145772182339;6
"Erakond Parempoolsed";169;"MARJU PUURAND";29;6;844;0,0343601895734597;0,00102556848321958;6
"ISAMAA Erakond";347;"ÜLLAR SAAREMÄE";2027;1;3881;0,52228807008503;0,0716837005340029;6
"ISAMAA Erakond";349;"MARKO POMERANTS";590;3;3881;0,15202267456841;0,02086501396895;6
"ISAMAA Erakond";352;"TÕNIS PRULER";409;6;3881;0,105385209997423;0,0144640520564416;6
"ISAMAA Erakond";351;"EINAR VALLBAUM";293;5;3881;0,0754960061839732;0,0103617781235633;6
"ISAMAA Erakond";350;"KERT KARUS";280;4;3881;0,0721463540324659;0,0099020405276373;6
"ISAMAA Erakond";353;"ALARI KIRT";186;7;3881;0,0479257923215666;0,00657778406478764;6
"ISAMAA Erakond";348;"SIGRID NUUTRE";96;2;3881;0,0247358928111312;0,00339498532376136;6
"Sotsiaaldemokraatlik Erakond";472;"MAIDO NÕLVAK";580;1;2110;0,274881516587678;0,0205113696643916;6
"Sotsiaaldemokraatlik Erakond";473;"KAIRIT PIHLAK";473;2;2110;0,224170616113744;0,0167273756056159;6
"Sotsiaaldemokraatlik Erakond";474;"LAILA TALUNIK";291;3;2110;0,137914691943128;0,0102910492626516;6
"Sotsiaaldemokraatlik Erakond";478;"VELVO VÄLI";265;7;2110;0,125592417061611;0,00937157407079959;6
"Sotsiaaldemokraatlik Erakond";476;"RAIDO PARVE";201;5;2110;0,095260663507109;0,00710825052162535;6
"Sotsiaaldemokraatlik Erakond";475;"EERIK LUMISTE";163;4;2110;0,0772511848341232;0,00576440216430314;6
"Sotsiaaldemokraatlik Erakond";477;"MADIS JOOSEP TOOMEL";137;6;2110;0,0649289099526066;0,00484492697245111;6
"Üksikkandidaadid";1059;"TEHO PAULUS";30;1;53;0,566037735849057;0,00106093291367543;6
"Üksikkandidaadid";1064;"TARMO KALDE";23;2;53;0,433962264150943;0,000813381900484493;6
"Eesti Keskerakond";980;"YANA TOOM";3457;2;7621;0,453615011153392;0,117019836165459;7
"Eesti Keskerakond";982;"ALEKSEI JEVGRAFOV";1405;4;7621;0,184359008004199;0,0475594069460429;7
"Eesti Keskerakond";981;"DMITRI DMITRIJEV";813;3;7621;0,106678913528408;0,0275201408164647;7
"Eesti Keskerakond";979;"KAIDO HÖÖVELSON";767;1;7621;0,100642960241438;0,0259630356780177;7
"Eesti Keskerakond";985;"VLADIMIR VÕSSOTSKI";342;7;7621;0,0448760005248655;0,0115767382032361;7
"Eesti Keskerakond";984;"ALEKSEI NAUMKIN";330;6;7621;0,0433014040152211;0,0111705368627716;7
"Eesti Keskerakond";983;"OLGA KURDOVSKAJA";302;5;7621;0,0396273454927175;0,0102227337350213;7
"Eesti Keskerakond";986;"VALERI KORB";205;8;7621;0,0268993570397586;0,00693927289960057;7
"Eesti Konservatiivne Rahvaerakond";604;"ARVO ALLER";815;1;2476;0,329159935379645;0,0275878410398754;7
"Eesti Konservatiivne Rahvaerakond";605;"RIHO BREIVEL";759;2;2476;0,30654281098546;0,0256922347843748;7
"Eesti Konservatiivne Rahvaerakond";608;"ALEKSANDR ANDREJEV";170;5;2476;0,0686591276252019;0,00575451898991267;7
"Eesti Konservatiivne Rahvaerakond";607;"ANTS LIIMETS";162;4;2476;0,0654281098546042;0,00548371809626972;7
"Eesti Konservatiivne Rahvaerakond";610;"PRIIT KAMA";156;7;2476;0,0630048465266559;0,00528061742603751;7
"Eesti Konservatiivne Rahvaerakond";606;"ANDRUS TOSS";152;3;2476;0,061389337641357;0,00514521697921603;7
"Eesti Konservatiivne Rahvaerakond";611;"LEANA KRUUSE";135;8;2476;0,0545234248788368;0,00456976508022477;7
"Eesti Konservatiivne Rahvaerakond";609;"RAINER ASUKÜLA";127;6;2476;0,0512924071082391;0,00429896418658182;7
"Eesti Reformierakond";854;"MEELIS KIILI";1289;1;4173;0,30889048646058;0,0436327939882202;7
"Eesti Reformierakond";855;"MARIS TOOMEL";958;2;4173;0,229571052000959;0,0324284070137431;7
"Eesti Reformierakond";856;"AIVAR SURVA";654;3;4173;0,156721782890007;0,0221379730553111;7
"Eesti Reformierakond";857;"ANNEKI TEELAHK";508;4;4173;0,121734962856458;0,0171958567463273;7
"Eesti Reformierakond";861;"VADIM ORLOV";302;8;4173;0,0723699976036425;0,0102227337350213;7
"Eesti Reformierakond";858;"ANDREA EICHE";221;5;4173;0,0529595015576324;0,00748087468688647;7
"Eesti Reformierakond";859;"TIIT KUUSMIK";184;6;4173;0,0440929786724179;0,00622842055378783;7
"Eesti Reformierakond";860;"DANIIL STARODUBTSEV";57;7;4173;0,0136592379583034;0,00192945636720601;7
"EESTIMAA ÜHENDATUD VASAKPARTEI";1050;"AIVO PETERSON";3968;1;4397;0,902433477370935;0,134317243246903;7
"EESTIMAA ÜHENDATUD VASAKPARTEI";1052;"OLGA TIMOFEJEVA";184;3;4397;0,0418467136684103;0,00622842055378783;7
"EESTIMAA ÜHENDATUD VASAKPARTEI";1051;"SILVIA POSSAŠKOVA";163;2;4397;0,0370707300432113;0,00551756820797509;7
"EESTIMAA ÜHENDATUD VASAKPARTEI";1053;"ALEKSANDR SPOSSOBIN";53;4;4397;0,0120536729588356;0,00179405592038454;7
"EESTIMAA ÜHENDATUD VASAKPARTEI";1054;"MARINA KOZITSKAJA";29;5;4397;0,00659540595860814;0,00098165323945569;7
"Erakond Eesti 200";729;"MAKSIM ILJIN";1111;1;2454;0,452730236348818;0,0376074741046645;7
"Erakond Eesti 200";736;"JAANEK PAHKA";356;8;2454;0,145069274653627;0,0120506397671112;7
"Erakond Eesti 200";730;"DENIS LARCHENKO";313;2;2454;0,127546862265689;0,0105950849637804;7
"Erakond Eesti 200";732;"MAREK KULLAMÄGI";232;4;2454;0,0945395273023635;0,00785322591564552;7
"Erakond Eesti 200";734;"MARKO SANDRE";153;6;2454;0,0623471882640587;0,0051790670909214;7
"Erakond Eesti 200";733;"OLGA PIHLAK";136;5;2454;0,0554197229013855;0,00460361519193013;7
"Erakond Eesti 200";731;"SERGEI ANDREJEV";82;3;2454;0,0334148329258354;0,00277570915984023;7
"Erakond Eesti 200";735;"KSENIA MOSKVINA";71;7;2454;0,0289323553382233;0,00240335793108117;7
"Erakond Eestimaa Rohelised";257;"RAUNO ALLIKSAAR";76;2;140;0,542857142857143;0,00257260848960802;7
"Erakond Eestimaa Rohelised";256;"ANNA KALININA";49;1;140;0,35;0,00165865547356306;7
"Erakond Eestimaa Rohelised";258;"ALEKSANDR TRUNOV";15;3;140;0,107142857142857;0,000507751675580529;7
"Erakond Parempoolsed";171;"IVO LOIDE";90;1;282;0,319148936170213;0,00304651005348318;7
"Erakond Parempoolsed";177;"ANELI ŠMIGELSKITE";46;7;282;0,163120567375887;0,00155710513844696;7
"Erakond Parempoolsed";173;"RAIT MATTIAS SALVAN";43;3;282;0,152482269503546;0,00145555480333085;7
"Erakond Parempoolsed";175;"AIVAR HELSTEIN";40;5;282;0,141843971631206;0,00135400446821475;7
"Erakond Parempoolsed";178;"KARIT TUUSULA MÖLDER";19;8;282;0,0673758865248227;0,000643152122402004;7
"Erakond Parempoolsed";172;"MARIE EDALA";17;2;282;0,0602836879432624;0,000575451898991267;7
"Erakond Parempoolsed";174;"ROMAN ASTAHHOV";16;4;282;0,0567375886524823;0,000541601787285898;7
"Erakond Parempoolsed";176;"IVAN DMITRIJEV";11;6;282;0,0390070921985816;0,000372351228759055;7
"ISAMAA Erakond";354;"HENDRIK AGUR";441;1;1171;0,376601195559351;0,0149278992620676;7
"ISAMAA Erakond";355;"MARJA-LIISA VEISER";341;2;1171;0,291204099060632;0,0115428880915307;7
"ISAMAA Erakond";357;"AIVO TAMM";129;4;1171;0,110162254483348;0,00436666440999255;7
"ISAMAA Erakond";361;"TIMO JUURSALU";104;8;1171;0,0888129803586678;0,00352041161735834;7
"ISAMAA Erakond";358;"ARTUR PÕLD";84;5;1171;0,071733561058924;0,00284340938325096;7
"ISAMAA Erakond";360;"PEETER KALDUR";32;7;1171;0,0273270708795901;0,0010832035745718;7
"ISAMAA Erakond";359;"PIRET LINNAS";30;6;1171;0,0256191289496157;0,00101550335116106;7
"ISAMAA Erakond";356;"SIIM UMEROV";10;3;1171;0,0085397096498719;0,000338501117053686;7
"Sotsiaaldemokraatlik Erakond";479;"PIRET HARTMAN";993;1;2250;0,441333333333333;0,033613160923431;7
"Sotsiaaldemokraatlik Erakond";480;"EDUARD ODINETS";630;2;2250;0,28;0,0213255703743822;7
"Sotsiaaldemokraatlik Erakond";483;"OLEG KUZNETSOV";187;5;2250;0,0831111111111111;0,00632997088890393;7
"Sotsiaaldemokraatlik Erakond";482;"ETTI KAGAROV";154;4;2250;0,0684444444444444;0,00521291720262677;7
"Sotsiaaldemokraatlik Erakond";481;"ANTS KUTTI";125;3;2250;0,0555555555555556;0,00423126396317108;7
"Sotsiaaldemokraatlik Erakond";484;"ANNE UTTENDORF";76;6;2250;0,0337777777777778;0,00257260848960802;7
"Sotsiaaldemokraatlik Erakond";486;"MARK GERASSIMENKO";56;8;2250;0,0248888888888889;0,00189560625550064;7
"Sotsiaaldemokraatlik Erakond";485;"AILI ILVES";29;7;2250;0,0128888888888889;0,00098165323945569;7
"Üksikkandidaadid";1063;"MIHHAIL STALNUHHIN";4578;1;4578;1;0,154965811387178;7
"Eesti Keskerakond";987;"JAAK AAB";1562;1;4021;0,38846058194479;0,0397485813166399;8
"Eesti Keskerakond";988;"KERSTI SARAPUU";685;2;4021;0,170355632927133;0,0174313560831616;8
"Eesti Keskerakond";995;"PRIIT TOOBAL";516;9;4021;0,128326286993285;0,0131307733414764;8
"Eesti Keskerakond";989;"PEETER RAHNEL";503;3;4021;0,125093260382989;0,0127999592844237;8
"Eesti Keskerakond";990;"PRIIT SEIRE";255;4;4021;0,0634170604327282;0,00648904496526452;8
"Eesti Keskerakond";992;"TOOMAS TAMMIK";211;6;4021;0,0524745088286496;0,00536936661831692;8
"Eesti Keskerakond";993;"KATRIN LINKOV";124;7;4021;0,0308380999751306;0,00315545715957961;8
"Eesti Keskerakond";991;"PRIIT PRAMANN";100;5;4021;0,024869435463815;0,00254472351579001;8
"Eesti Keskerakond";994;"RAIVO MATSINA";65;8;4021;0,0161651330514797;0,00165407028526351;8
"Eesti Konservatiivne Rahvaerakond";612;"JAAK MADISON";5222;1;9153;0,570523325685568;0,132885461994554;8
"Eesti Konservatiivne Rahvaerakond";613;"KALLE GRÜNTHAL";1498;2;9153;0,163662187261007;0,0381199582665343;8
"Eesti Konservatiivne Rahvaerakond";616;"VALMAR HAAVA";694;5;9153;0,075822134819185;0,0176603811995827;8
"Eesti Konservatiivne Rahvaerakond";614;"ELAR NIGLAS";622;3;9153;0,0679558614661859;0,0158281802682139;8
"Eesti Konservatiivne Rahvaerakond";615;"REIN SUURKASK";364;4;9153;0,0397683819512728;0,00926279359747564;8
"Eesti Konservatiivne Rahvaerakond";620;"ANNIKA VEIDENBERG";350;9;9153;0,0382388287993008;0,00890653230526503;8
"Eesti Konservatiivne Rahvaerakond";618;"PRIIT PÕDER";154;7;9153;0,0168250846716923;0,00391887421431661;8
"Eesti Konservatiivne Rahvaerakond";619;"MART JÄRVIK";141;8;9153;0,0154047853162897;0,00358806015726391;8
"Eesti Konservatiivne Rahvaerakond";617;"TARMO HINTS";108;6;9153;0,0117994100294985;0,00274830139705321;8
"Eesti Reformierakond";862;"JÜRGEN LIGI";5797;1;10933;0,530229580170127;0,147517622210347;8
"Eesti Reformierakond";863;"PIPI-LIIS SIEMANN";2498;2;10933;0,228482575688283;0,0635671934244344;8
"Eesti Reformierakond";864;"MADIS TIMPSON";947;3;10933;0,0866184944662947;0,0240985316945314;8
"Eesti Reformierakond";865;"RAIT PIHELGAS";404;4;10933;0,0369523461081131;0,0102806830037916;8
"Eesti Reformierakond";867;"TAIMO TUGI";376;6;10933;0,0343912924174518;0,00956816041937044;8
"Eesti Reformierakond";869;"MAIT ALLAS";367;8;10933;0,0335680965883106;0,00933913530294933;8
"Eesti Reformierakond";866;"TARMO ALT";262;5;10933;0,0239641452483307;0,00666717561136982;8
"Eesti Reformierakond";870;"SIRLI TALLO";216;9;10933;0,0197566998993872;0,00549660279410642;8
"Eesti Reformierakond";868;"PIRET MOORA";66;7;10933;0,00603676941370164;0,00167951752042141;8
"Erakond Eesti 200";737;"ANDO KIVIBERG";1785;1;4195;0,425506555423123;0,0454233147568517;8
"Erakond Eesti 200";739;"KASPAR TAIMSOO";1017;3;4195;0,242431466030989;0,0258798381555844;8
"Erakond Eesti 200";738;"KADRI PAAS";584;2;4195;0,139213349225268;0,0148611853322137;8
"Erakond Eesti 200";745;"ANZORI BARKALAJA";233;9;4195;0,0555423122765197;0,00592920579179072;8
"Erakond Eesti 200";743;"OLAVI ISRAEL";160;7;4195;0,0381406436233611;0,00407155762526401;8
"Erakond Eesti 200";740;"JANIKA GEDVIL";145;4;4195;0,034564958283671;0,00368984909789551;8
"Erakond Eesti 200";742;"MARJU MÄGER";104;6;4195;0,0247914183551847;0,00264651245642161;8
"Erakond Eesti 200";741;"KARL ERIK HEINSOO";89;5;4195;0,0212157330154946;0,00226480392905311;8
"Erakond Eesti 200";744;"ANGELIKA NARIS";78;8;4195;0,0185935637663886;0,00198488434231621;8
"Erakond Eestimaa Rohelised";259;"PIRET RÄNI";174;1;308;0,564935064935065;0,00442781891747462;8
"Erakond Eestimaa Rohelised";260;"OLIVER ROHESALU";76;2;308;0,246753246753247;0,00193398987200041;8
"Erakond Eestimaa Rohelised";261;"ELSA JOANNA JUKOLA";58;3;308;0,188311688311688;0,00147593963915821;8
"Erakond Parempoolsed";179;"PRIIT PÕLLUMÄE";232;1;806;0,287841191066998;0,00590375855663282;8
"Erakond Parempoolsed";180;"AILI AVI";197;2;806;0,244416873449132;0,00501310532610632;8
"Erakond Parempoolsed";181;"KATI KUUSK";111;3;806;0,137717121588089;0,00282464310252691;8
"Erakond Parempoolsed";184;"MIHKEL KALDA";110;6;806;0,136476426799007;0,00279919586736901;8
"Erakond Parempoolsed";183;"VILJAR PENNERT";48;5;806;0,0595533498759305;0,0012214672875792;8
"Erakond Parempoolsed";185;"TARVI TUVI";42;7;806;0,0521091811414392;0,0010687838766318;8
"Erakond Parempoolsed";182;"ERMO TÄKS";34;4;806;0,0421836228287841;0,000865205995368603;8
"Erakond Parempoolsed";186;"KAUR JOONAS USAI";16;8;806;0,0198511166253102;0,000407155762526402;8
"Erakond Parempoolsed";187;"URMAS KIRSCH";16;9;806;0,0198511166253102;0,000407155762526402;8
"ISAMAA Erakond";362;"HELIR-VALDOR SEEDER";2689;1;4673;0,57543334046651;0,0684276153395934;8
"ISAMAA Erakond";364;"ALAR KARU";539;3;4673;0,115343462443826;0,0137160597501082;8
"ISAMAA Erakond";363;"RÜNDO MÜLTS";534;2;4673;0,114273485983308;0,0135888235743186;8
"ISAMAA Erakond";365;"MIHHAIL FEŠTŠIN";250;4;4673;0,0534988230258934;0,00636180878947502;8
"ISAMAA Erakond";367;"SULO SÄRKINEN";207;6;4673;0,0442970254654398;0,00526757767768532;8
"ISAMAA Erakond";368;"ENE MAATEN";169;7;4673;0,036165204365504;0,00430058274168512;8
"ISAMAA Erakond";370;"LEMBIT KRUUSE";140;9;4673;0,0299593408945003;0,00356261292210601;8
"ISAMAA Erakond";366;"IRMA VÄRE";96;5;4673;0,0205435480419431;0,00244293457515841;8
"ISAMAA Erakond";369;"HELI KOIT";49;8;4673;0,0104857693130751;0,0012469145227371;8
"Sotsiaaldemokraatlik Erakond";488;"HELMEN KÜTT";2098;2;5084;0,412667191188041;0,0533882993612744;8
"Sotsiaaldemokraatlik Erakond";487;"LAURI LÄÄNEMETS";1731;1;5084;0,340479937057435;0,0440491640583251;8
"Sotsiaaldemokraatlik Erakond";490;"KRIS SÜLD";608;4;5084;0,119590873328088;0,0154719189760033;8
"Sotsiaaldemokraatlik Erakond";493;"BIRGIT SITSKA";152;7;5084;0,029897718332022;0,00386797974400081;8
"Sotsiaaldemokraatlik Erakond";491;"TENE METSMA";150;5;5084;0,0295043273013375;0,00381708527368501;8
"Sotsiaaldemokraatlik Erakond";494;"KATI NÕLVAK";97;8;5084;0,0190794649881983;0,00246838181031631;8
"Sotsiaaldemokraatlik Erakond";492;"MART SALUMÄE";86;6;5084;0,0169158143194335;0,00218846222357941;8
"Sotsiaaldemokraatlik Erakond";489;"EIMAR VELDRE";82;3;5084;0,0161290322580645;0,00208667328294781;8
"Sotsiaaldemokraatlik Erakond";495;"TONIO TAMRA";80;9;5084;0,01573564122738;0,00203577881263201;8
"Üksikkandidaadid";1061;"ANDRES LAIAPEA";124;1;124;1;0,00315545715957961;8
"Eesti Keskerakond";996;"TAAVI AAS";1666;1;4298;0,387622149837134;0,0355292060310081;9
"Eesti Keskerakond";997;"IGOR GRÄZIN";977;2;4298;0,227315030246626;0,0208355547972959;9
"Eesti Keskerakond";998;"ANGELA SAKSING";412;3;4298;0,0958585388552815;0,00878633426457103;9
"Eesti Keskerakond";1000;"PEEP PÕDDER";368;5;4298;0,0856212191717078;0,0078479878868013;9
"Eesti Keskerakond";999;"PEETER LAASIK";300;4;4298;0,0697999069334574;0,00639781621206628;9
"Eesti Keskerakond";1004;"AIVAR ALEKSEJEV";298;9;4298;0,0693345742205677;0,00635516410398584;9
"Eesti Keskerakond";1002;"MARIANNE KIVIMURD-TARELKINA";115;7;4298;0,0267566309911587;0,00245249621462541;9
"Eesti Keskerakond";1003;"MAX KAUR";114;8;4298;0,0265239646347138;0,00243117016058519;9
"Eesti Keskerakond";1001;"KALEV PARIK";48;6;4298;0,0111679851093532;0,00102365059393061;9
"Eesti Konservatiivne Rahvaerakond";621;"KERT KINGO";3095;1;9244;0,334811769796625;0,0660041372544838;9
"Eesti Konservatiivne Rahvaerakond";622;"PEETER ERNITS";2933;2;9244;0,31728688879273;0,062549316499968;9
"Eesti Konservatiivne Rahvaerakond";623;"MARKO SAKSING";920;3;9244;0,099524015577672;0,0196199697170033;9
"Eesti Konservatiivne Rahvaerakond";624;"LAURI KONI";695;4;9244;0,0751839030722631;0,0148216075579536;9
"Eesti Konservatiivne Rahvaerakond";626;"ÜLLE ROSIN";399;6;9244;0,0431631328429251;0,00850909556204815;9
"Eesti Konservatiivne Rahvaerakond";628;"TÕNU KALJA";397;8;9244;0,0429467762873215;0,00846644345396771;9
"Eesti Konservatiivne Rahvaerakond";625;"AIVAR ÕUN";318;5;9244;0,0344006923409779;0,00678168518479026;9
"Eesti Konservatiivne Rahvaerakond";629;"ARLO SÄÄLIK";259;9;9244;0,0280181739506707;0,00552344799641722;9
"Eesti Konservatiivne Rahvaerakond";627;"ANDRES OSTRA";228;7;9244;0,0246646473388144;0,00486234032117037;9
"Eesti Reformierakond";871;"URMAS KRUUSE";6235;1;14229;0,438189612762668;0,132967946940778;9
"Eesti Reformierakond";872;"LUISA RÕIVAS";2939;2;14229;0,20655000351395;0,0626772728242093;9
"Eesti Reformierakond";874;"TOOMAS JÄRVEOJA";1688;4;14229;0,118630964930775;0,0359983792198929;9
"Eesti Reformierakond";873;"ERKKI KELDO";1445;3;14229;0,101553166069295;0,0308161480881193;9
"Eesti Reformierakond";875;"TRIIN NÕMMISTU";584;5;14229;0,0410429404736805;0,012454415559489;9
"Eesti Reformierakond";876;"VIKTOR SVJATÕŠEV";408;6;14229;0,028673835125448;0,00870103004841014;9
"Eesti Reformierakond";879;"KAISA EDENBERG";404;9;14229;0,0283927190948064;0,00861572583224926;9
"Eesti Reformierakond";877;"MERILI RANNISTE";281;7;14229;0,0197484011525757;0,00599262118530208;9
"Eesti Reformierakond";878;"AIVAR SAARELA";245;8;14229;0,0172183568768009;0,00522488323985413;9
"EESTIMAA ÜHENDATUD VASAKPARTEI";1055;"SERGEI JERJOMIN";719;1;719;1;0,0153334328549189;9
"Erakond Eesti 200";746;"IRJA LUTSAR";3523;1;6860;0,513556851311953;0,0751316883836984;9
"Erakond Eesti 200";747;"MÄRT MEESAK";762;2;6860;0,111078717201166;0,0162504531786484;9
"Erakond Eesti 200";752;"VIKTORIA LEPP";606;7;6860;0,0883381924198251;0,0129235887483739;9
"Erakond Eesti 200";754;"KUIDO NÕMM";565;9;6860;0,0823615160349854;0,0120492205327248;9
"Erakond Eesti 200";749;"JAAK LAINESTE";476;4;6860;0,0693877551020408;0,0101512017231452;9
"Erakond Eesti 200";750;"KERSTI KIVIRÜÜT";399;5;6860;0,0581632653061224;0,00850909556204815;9
"Erakond Eesti 200";748;"ELO LUTSEPP";308;3;6860;0,0448979591836735;0,00656842464438805;9
"Erakond Eesti 200";751;"AARE LILL";112;6;6860;0,0163265306122449;0,00238851805250474;9
"Erakond Eesti 200";753;"MARTIN VILEN";109;8;6860;0,0158892128279883;0,00232453989038408;9
"Erakond Eestimaa Rohelised";263;"AVE METS";233;2;490;0,475510204081633;0,00496897059137148;9
"Erakond Eestimaa Rohelised";262;"HANS LEONHARD KÕRGESAAR";91;1;490;0,185714285714286;0,00194067091766011;9
"Erakond Eestimaa Rohelised";267;"MATTIAS PILV";71;6;490;0,144897959183673;0,00151414983685569;9
"Erakond Eestimaa Rohelised";266;"ANTI EINPAUL";46;5;490;0,0938775510204082;0,000980998485850163;9
"Erakond Eestimaa Rohelised";265;"ALO KAASIK";31;4;490;0,063265306122449;0,000661107675246849;9
"Erakond Eestimaa Rohelised";264;"ARVO KUIV";18;3;490;0,036734693877551;0,000383868972723977;9
"Erakond Parempoolsed";188;"ALLAN MUUK";321;1;1207;0,265948632974316;0,00684566334691092;9
"Erakond Parempoolsed";189;"KAREL KUNINGAS";229;2;1207;0,189726594863297;0,00488366637521059;9
"Erakond Parempoolsed";190;"KAIRE VAHEJÕE";190;3;1207;0,157415078707539;0,00405195026764198;9
"Erakond Parempoolsed";192;"TÕNU AIGRO";158;5;1207;0,130903065451533;0,00336951653835491;9
"Erakond Parempoolsed";191;"KADRI SOMMER";125;4;1207;0,103562551781276;0,00266575675502762;9
"Erakond Parempoolsed";194;"IMRE VILT";56;7;1207;0,0463960231980116;0,00119425902625237;9
"Erakond Parempoolsed";195;"AGO KAASIK";48;8;1207;0,0397680198840099;0,00102365059393061;9
"Erakond Parempoolsed";196;"MARTIN KLEINERT";44;9;1207;0,0364540182270091;0,000938346377769721;9
"Erakond Parempoolsed";193;"GUIDO POOK";36;6;1207;0,0298260149130075;0,000767737945447954;9
"ISAMAA Erakond";371;"AIVAR KOKK";3136;1;5609;0,559101444107684;0,0668785054701329;9
"ISAMAA Erakond";372;"JUHANI JAEGER";594;2;5609;0,105901230165805;0,0126676760998912;9
"ISAMAA Erakond";373;"REET ALEV";503;3;5609;0,0896773043323231;0,0107270051822311;9
"ISAMAA Erakond";379;"MAREK PIHLAK";441;9;5609;0,0786236405776431;0,00940478983173743;9
"ISAMAA Erakond";375;"AARE ANDERSON";277;5;5609;0,0493849170975218;0,0059073169691412;9
"ISAMAA Erakond";378;"RAIN SANGERNEBO";261;8;5609;0,0465323587092173;0,00556610010449766;9
"ISAMAA Erakond";377;"IVAR TEDREMA";157;7;5609;0,027990729185238;0,00334819048431469;9
"ISAMAA Erakond";374;"ARGO ANNUK";148;4;5609;0,0263861650918167;0,0031562559979527;9
"ISAMAA Erakond";376;"IRINA ORLOVA";92;6;5609;0,0164022107327509;0,00196199697170033;9
"Sotsiaaldemokraatlik Erakond";497;"PRIIT LOMP";1030;2;4235;0,243211334120425;0,0219658356614276;9
"Sotsiaaldemokraatlik Erakond";496;"KAJAR LEMBER";882;1;4235;0,208264462809917;0,0188095796634749;9
"Sotsiaaldemokraatlik Erakond";504;"JARNO LAUR";554;9;4235;0,130814639905549;0,0118146339382824;9
"Sotsiaaldemokraatlik Erakond";499;"MARIKA SAAR";512;4;4235;0,120897284533648;0,0109189396685931;9
"Sotsiaaldemokraatlik Erakond";500;"LIIS ROSIN";319;5;4235;0,0753246753246753;0,00680301123883048;9
"Sotsiaaldemokraatlik Erakond";503;"MAANO KOEMETS";285;8;4235;0,0672963400236127;0,00607792540146297;9
"Sotsiaaldemokraatlik Erakond";502;"HANNES SOOSAAR";240;7;4235;0,0566706021251476;0,00511825296965302;9
"Sotsiaaldemokraatlik Erakond";501;"MAIRE PÜSS";229;6;4235;0,054073199527745;0,00488366637521059;9
"Sotsiaaldemokraatlik Erakond";498;"ASSO NETTAN";184;3;4235;0,0434474616292798;0,00392399394340065;9
"Eesti Keskerakond";1006;"AADU MUST";618;2;3600;0,171666666666667;0,012594766446564;10
"Eesti Keskerakond";1005;"JAAN TOOTS";533;1;3600;0,148055555555556;0,0108624765631369;10
"Eesti Keskerakond";1008;"ANDRO ROOS";528;4;3600;0,146666666666667;0,0107605771582294;10
"Eesti Keskerakond";1009;"NIKOLAI PÕDRAMÄGI";404;5;3600;0,112222222222222;0,00823347191652401;10
"Eesti Keskerakond";1007;"ANNELI OTT";402;3;3600;0,111666666666667;0,00819271215456102;10
"Eesti Keskerakond";1014;"ALEKSANDR ŠIROKOV";377;10;3600;0,104722222222222;0,00768321513002364;10
"Eesti Keskerakond";1010;"ISMAIL MIRZOJEV";231;6;3600;0,0641666666666667;0,00470775250672536;10
"Eesti Keskerakond";1013;"IRINA PANOVA";191;9;3600;0,0530555555555556;0,00389255726746556;10
"Eesti Keskerakond";1011;"KIRILL AVDEJEV";186;7;3600;0,0516666666666667;0,00379065786255808;10
"Eesti Keskerakond";1012;"VLADIMIR ŠOKMAN";130;8;3600;0,0361111111111111;0,00264938452759436;10
"Eesti Konservatiivne Rahvaerakond";630;"JAAK VALGE";2340;1;7138;0,327822919585318;0,0476889214966985;10
"Eesti Konservatiivne Rahvaerakond";631;"LOONE OTS";837;2;7138;0,117259736620902;0,0170579603815114;10
"Eesti Konservatiivne Rahvaerakond";632;"SILVER KUUSIK";829;3;7138;0,116138974502662;0,0168949213336594;10
"Eesti Konservatiivne Rahvaerakond";633;"MALLE PÄRN";813;4;7138;0,113897450266181;0,0165688432379555;10
"Eesti Konservatiivne Rahvaerakond";635;"MERLE KIVEST";513;6;7138;0,0718688708321659;0,010454878943507;10
"Eesti Konservatiivne Rahvaerakond";634;"INDREK KALDA";468;5;7138;0,0655645839170636;0,00953778429933969;10
"Eesti Konservatiivne Rahvaerakond";637;"IMRE VÄHI";400;8;7138;0,0560381059120202;0,00815195239259803;10
"Eesti Konservatiivne Rahvaerakond";636;"GERT GORŠANOV";364;7;7138;0,0509946763799384;0,0074182766772642;10
"Eesti Konservatiivne Rahvaerakond";638;"RAUL KIVI";310;9;7138;0,0434295320818156;0,00631776310426347;10
"Eesti Konservatiivne Rahvaerakond";639;"AIVAR SÖÖT";264;10;7138;0,0369851499019333;0,0053802885791147;10
"Eesti Reformierakond";880;"URMAS KLAAS";8065;1;17627;0,457536733420321;0,164363740115758;10
"Eesti Reformierakond";881;"YOKO ALENDER";2051;2;17627;0,116355590854938;0,0417991358930464;10
"Eesti Reformierakond";882;"ANTS LAANEOTS";1869;3;17627;0,106030521359278;0,0380899975544143;10
"Eesti Reformierakond";885;"SIGNE KIVI";1286;6;17627;0,0729562602825211;0,0262085269422027;10
"Eesti Reformierakond";883;"MARGIT SUTROP";1102;4;17627;0,062517728484711;0,0224586288416076;10
"Eesti Reformierakond";884;"MIHKEL LEES";1038;5;17627;0,0588869348159074;0,0211543164587919;10
"Eesti Reformierakond";886;"RAIMOND TAMM";886;7;17627;0,050263799852499;0,0180565745496046;10
"Eesti Reformierakond";887;"HELE EVERAUS";712;8;17627;0,0403925795654394;0,0145104752588245;10
"Eesti Reformierakond";889;"RENO LAIDRE";443;10;17627;0,0251318999262495;0,00902828727480232;10
"Eesti Reformierakond";888;"ARMEN ŠAHBAZJAN";175;9;17627;0,00992795143813468;0,00356647917176164;10
"EESTIMAA ÜHENDATUD VASAKPARTEI";1056;"IGOR ROSENFELD";651;1;786;0,82824427480916;0,0132673025189533;10
"EESTIMAA ÜHENDATUD VASAKPARTEI";1057;"VIIVI-HELBE PELJUHHOVSKA";135;2;786;0,17175572519084;0,00275128393250183;10
"Erakond Eesti 200";755;"KRISTINA KALLAS";4288;1;9043;0,474178922923808;0,0873889296486508;10
"Erakond Eesti 200";756;"TANEL TEIN";1368;2;9043;0,151277231007409;0,0278796771826853;10
"Erakond Eesti 200";757;"GEA KANGILASKI";885;3;9043;0,097865752515758;0,0180361946686231;10
"Erakond Eesti 200";758;"ANNELI KANNUS";753;4;9043;0,0832688267167975;0,0153460503790658;10
"Erakond Eesti 200";760;"MART KIVASTIK";403;6;9043;0,0445648567953113;0,00821309203554251;10
"Erakond Eesti 200";759;"PÄRTEL PIIRIMÄE";381;5;9043;0,0421320358288179;0,00776473465394962;10
"Erakond Eesti 200";761;"KRISTIINA TÕNNISSON";312;7;9043;0,0345018246157249;0,00635852286622646;10
"Erakond Eesti 200";763;"PILLE TSOPP-PAGAN";235;9;9043;0,0259869512329979;0,00478927203065134;10
"Erakond Eesti 200";762;"VAHUR KOLLOM";233;8;9043;0,0257657856905894;0,00474851226868835;10
"Erakond Eesti 200";764;"KARL AARON ADSON";185;10;9043;0,0204578126727856;0,00377027798157659;10
"Erakond Eestimaa Rohelised";268;"MARKO KAASIK";272;1;821;0,331303288672351;0,00554332762696666;10
"Erakond Eestimaa Rohelised";269;"LAILA KAASIK";182;2;821;0,221680876979294;0,0037091383386321;10
"Erakond Eestimaa Rohelised";273;"ELIISA PASS";104;6;821;0,126674786845311;0,00211950762207549;10
"Erakond Eestimaa Rohelised";272;"RAUL KÜBARSEPP";79;5;821;0,0962241169305725;0,00161001059753811;10
"Erakond Eestimaa Rohelised";271;"MARTI SOOSAAR";77;4;821;0,0937880633373934;0,00156925083557512;10
"Erakond Eestimaa Rohelised";270;"KÄRT KALVET";66;3;821;0,0803897685749086;0,00134507214477867;10
"Erakond Eestimaa Rohelised";274;"ALAR AAB";41;7;821;0,0499390986601705;0,000835575120241298;10
"Erakond Parempoolsed";197;"ELMO SOMELAR";367;1;965;0,380310880829016;0,00747941632020869;10
"Erakond Parempoolsed";198;"KADRI KULLMAN";209;2;965;0,216580310880829;0,00425939512513247;10
"Erakond Parempoolsed";199;"ARNE MERILAI";114;3;965;0,118134715025907;0,00232330643189044;10
"Erakond Parempoolsed";200;"AADI TEGOVA";70;4;965;0,0725388601036269;0,00142659166870465;10
"Erakond Parempoolsed";202;"INDREK ADLER";58;6;965;0,0601036269430052;0,00118203309692671;10
"Erakond Parempoolsed";201;"HEDI TEIDEARU";41;5;965;0,0424870466321244;0,000835575120241298;10
"Erakond Parempoolsed";204;"ÜLO HEINSOO";36;8;965;0,0373056994818653;0,000733675715333822;10
"Erakond Parempoolsed";206;"TANEL UIBO";33;10;965;0,0341968911917098;0,000672536072389337;10
"Erakond Parempoolsed";205;"CARMEN MARIANNE TEÄR";22;9;965;0,0227979274611399;0,000448357381592891;10
"Erakond Parempoolsed";203;"JAAGUP AINSALU";15;7;965;0,0155440414507772;0,000305698214722426;10
"ISAMAA Erakond";380;"TÕNIS LUKAS";2218;1;4219;0,525716994548471;0,0452025760169561;10
"ISAMAA Erakond";381;"MIHHAIL LOTMAN";572;2;4219;0,135577150983645;0,0116572919214152;10
"ISAMAA Erakond";384;"MERLE JÄÄGER";312;5;4219;0,0739511732638066;0,00635852286622646;10
"ISAMAA Erakond";382;"KASPAR KOKK";263;3;4219;0,0623370466935293;0,0053599086981332;10
"ISAMAA Erakond";383;"PRIIT HUMAL";252;4;4219;0,0597297937899976;0,00513573000733676;10
"ISAMAA Erakond";387;"ALLAN UNT";143;8;4219;0,0338942877459114;0,00291432298035379;10
"ISAMAA Erakond";389;"JAANUS KRIISK";132;10;4219;0,0312870348423797;0,00269014428955735;10
"ISAMAA Erakond";386;"MARIT SEPMA";119;7;4219;0,0282057359563878;0,00242520583679791;10
"ISAMAA Erakond";385;"LEMBIT KALEV";110;6;4219;0,0260725290353164;0,00224178690796446;10
"ISAMAA Erakond";388;"FRIEDRICH KAASIK";98;9;4219;0,0232282531405546;0,00199722833618652;10
"Sotsiaaldemokraatlik Erakond";506;"HELJO PIKHOF";1242;2;4869;0,255083179297597;0,0253118121790169;10
"Sotsiaaldemokraatlik Erakond";505;"KRISTA ARU";1177;1;4869;0,241733415485726;0,0239871199152197;10
"Sotsiaaldemokraatlik Erakond";507;"TOOMAS JÜRGENSTEIN";471;3;4869;0,0967344423906346;0,00959892394228418;10
"Sotsiaaldemokraatlik Erakond";514;"EVELIIS PADAR";452;10;4869;0,0928322037379339;0,00921170620363577;10
"Sotsiaaldemokraatlik Erakond";508;"KADRI LEETMAA";415;4;4869;0,0852331074142534;0,00845765060732045;10
"Sotsiaaldemokraatlik Erakond";510;"JOANNA HOFFMANN";308;6;4869;0,0632573423700965;0,00627700334230048;10
"Sotsiaaldemokraatlik Erakond";509;"LEMMIT KAPLINSKI";303;5;4869;0,0622304374614911;0,00617510393739301;10
"Sotsiaaldemokraatlik Erakond";511;"KARL PÜTSEPP";279;7;4869;0,0573012939001848;0,00568598679383712;10
"Sotsiaaldemokraatlik Erakond";512;"ANTS JOHANSON";114;8;4869;0,0234134319162046;0,00232330643189044;10
"Sotsiaaldemokraatlik Erakond";513;"MART HIOB";108;9;4869;0,022181146025878;0,00220102714600147;10
"Eesti Keskerakond";1016;"ESTER KARUSE";1677;2;5949;0,281896116994453;0,0377677183974056;11
"Eesti Keskerakond";1015;"ERKI SAVISAAR";1517;1;5949;0,255000840477391;0,0341643582640813;11
"Eesti Keskerakond";1017;"TARMO TAMM";1258;3;5949;0,211464111615398;0,0283314190482625;11
"Eesti Keskerakond";1018;"ANTI SAAREPUU";355;4;5949;0,0596738947722306;0,00799495529581335;11
"Eesti Keskerakond";1019;"ESTER TUIKSOO";286;5;5949;0,0480753067742478;0,00644100623831723;11
"Eesti Keskerakond";1024;"ÜLLE JUHT";216;10;5949;0,0363086232980333;0,00486453617998784;11
"Eesti Keskerakond";1022;"TAAVI TUVIKE";186;8;5949;0,0312657589510842;0,00418890615498953;11
"Eesti Keskerakond";1021;"JULIA BELOVA";166;7;5949;0,0279038493864515;0,00373848613832399;11
"Eesti Keskerakond";1020;"ANDRE LAINE";164;6;5949;0,0275676584299882;0,00369344413665743;11
"Eesti Keskerakond";1023;"JÜRI SAAR";124;9;5949;0,0208438393007228;0,00279260410332635;11
"Eesti Konservatiivne Rahvaerakond";640;"RAIN EPLER";3366;1;11759;0,286248830682881;0,0758056888048105;11
"Eesti Konservatiivne Rahvaerakond";641;"ANTS FROSCH";2619;2;11759;0,222723020665023;0,0589825011823525;11
"Eesti Konservatiivne Rahvaerakond";643;"HELEN REBANE";1343;4;11759;0,114210392040139;0,0302457041190911;11
"Eesti Konservatiivne Rahvaerakond";647;"MATI KUKLANE";1057;8;11759;0,089888595969045;0,0238046978807738;11
"Eesti Konservatiivne Rahvaerakond";644;"TIIT KALA";857;5;11759;0,0728803469682796;0,0193004977141184;11
"Eesti Konservatiivne Rahvaerakond";642;"MERRY AART";837;3;11759;0,0711795220682031;0,0188500776974529;11
"Eesti Konservatiivne Rahvaerakond";648;"UNO KASKPEIT";701;9;11759;0,0596139127476826;0,0157872215841272;11
"Eesti Konservatiivne Rahvaerakond";646;"KALMAR LUISK";462;7;11759;0,039289055191768;0,010404702384974;11
"Eesti Konservatiivne Rahvaerakond";649;"JÜRI KAVER";340;10;11759;0,0289140233013011;0,00765714028331419;11
"Eesti Konservatiivne Rahvaerakond";645;"LILIA MÜLLER";177;6;11759;0,0150523003656774;0,00398621714749003;11
"Eesti Reformierakond";890;"LIINA KERSNA";4073;1;10655;0,382261848897231;0,0917280363939373;11
"Eesti Reformierakond";892;"MAIDO RUUSMANN";1500;3;10655;0,1407789770061;0,0337815012499155;11
"Eesti Reformierakond";891;"EERIK-NIILES KROSS";1428;2;10655;0,134021586109808;0,0321599891899196;11
"Eesti Reformierakond";899;"MAIT KLAASSEN";968;10;10655;0,0908493664946035;0,0218003288066122;11
"Eesti Reformierakond";893;"ANDRUS SEEME";723;4;10655;0,0678554669169404;0,0162826836024593;11
"Eesti Reformierakond";896;"ANTI HAUGAS";569;7;10655;0,0534021586109808;0,0128144494741346;11
"Eesti Reformierakond";898;"MIKK TARROS";464;9;10655;0,0435476302205537;0,0104497443866405;11
"Eesti Reformierakond";894;"AIVAR ROSENBERG";404;5;10655;0,0379164711403097;0,00909848433664392;11
"Eesti Reformierakond";895;"LAURI DRUBINŠ";344;6;10655;0,0322853120600657;0,0077472242866473;11
"Eesti Reformierakond";897;"MARGUS LEPIK";182;8;10655;0,0170811825434069;0,00409882215165642;11
"Erakond Eesti 200";765;"IGOR TARO";3275;1;5105;0,64152791380999;0,0737562777289823;11
"Erakond Eesti 200";766;"KATRIN MARTINFELD";525;2;5105;0,102840352595495;0,0118235254374704;11
"Erakond Eesti 200";767;"KAUPO KUTSAR";381;3;5105;0,0746327130264447;0,00858050131747855;11
"Erakond Eesti 200";768;"KRISTA SILDOJA";180;4;5105;0,0352595494613124;0,00405378014998987;11
"Erakond Eesti 200";769;"REIN-ERIK JÕE";160;5;5105;0,0313418217433888;0,00360336013332433;11
"Erakond Eesti 200";773;"BLANCA PUNT";145;9;5105;0,0284035259549461;0,00326554512082517;11
"Erakond Eesti 200";774;"KADRI NAPRITSON-ACUNA";142;10;5105;0,0278158667972576;0,00319798211832534;11
"Erakond Eesti 200";770;"KADRI GIANNAKAINA LAUBE";139;6;5105;0,0272282076395691;0,00313041911582551;11
"Erakond Eesti 200";772;"AIVE ADLER";82;8;5105;0,0160626836434868;0,00184672206832872;11
"Erakond Eesti 200";771;"TOIVO SAKS";76;7;5105;0,0148873653281097;0,00171159606332905;11
"Erakond Eestimaa Rohelised";277;"MARGUS KONNULA";231;3;555;0,416216216216216;0,00520235119248699;11
"Erakond Eestimaa Rohelised";275;"KASPAR KURVE";144;1;555;0,259459459459459;0,00324302411999189;11
"Erakond Eestimaa Rohelised";276;"KAIA SOLNIK";97;2;555;0,174774774774775;0,00218453708082787;11
"Erakond Eestimaa Rohelised";281;"HANNA-MARIA RANDMA";45;7;555;0,0810810810810811;0,00101344503749747;11
"Erakond Eestimaa Rohelised";279;"KAIA KONSAP";21;5;555;0,0378378378378378;0,000472941017498818;11
"Erakond Eestimaa Rohelised";278;"URMAS HEINASTE";16;4;555;0,0288288288288288;0,000360336013332432;11
"Erakond Eestimaa Rohelised";280;"KULLAR LUBI";1;6;555;0,0018018018018018;2,2521000833277e-05;11
"Erakond Parempoolsed";207;"PÕIM KAMA";556;1;1015;0,547783251231527;0,012521676463302;11
"Erakond Parempoolsed";216;"MIKK UMBLEJA";92;10;1015;0,0906403940886699;0,00207193207666149;11
"Erakond Parempoolsed";208;"ESMAR NARUSKI";91;2;1015;0,0896551724137931;0,00204941107582821;11
"Erakond Parempoolsed";211;"MARGUS KARRO";78;5;1015;0,0768472906403941;0,00175663806499561;11
"Erakond Parempoolsed";210;"LIINA TSIMMER";55;4;1015;0,0541871921182266;0,00123865504583024;11
"Erakond Parempoolsed";214;"UKU KUDU";48;8;1015;0,0472906403940887;0,0010810080399973;11
"Erakond Parempoolsed";209;"VÄINO TÕEMETS";39;3;1015;0,038423645320197;0,000878319032497804;11
"Erakond Parempoolsed";213;"MART KEERUTAJA";25;7;1015;0,0246305418719212;0,000563025020831926;11
"Erakond Parempoolsed";212;"REIN MOOTSE";23;6;1015;0,0226600985221675;0,000517983019165372;11
"Erakond Parempoolsed";215;"SULEV KALDARU";8;9;1015;0,00788177339901478;0,000180168006666216;11
"ISAMAA Erakond";390;"PRIIT SIBUL";1420;1;3784;0,375264270613108;0,0319798211832534;11
"ISAMAA Erakond";395;"ULLA PREEDEN";379;6;3784;0,100158562367865;0,008535459315812;11
"ISAMAA Erakond";393;"TARMO PIIRMANN";371;4;3784;0,0980443974630021;0,00835529130914578;11
"ISAMAA Erakond";399;"AVO KIRSBAUM";305;10;3784;0,0806025369978858;0,00686890525414949;11
"ISAMAA Erakond";394;"MEELIS MÕTTUS";298;5;3784;0,0787526427061311;0,00671125824831656;11
"ISAMAA Erakond";396;"ARNE TILK";271;7;3784;0,0716173361522199;0,00610319122581808;11
"ISAMAA Erakond";391;"TUNNE-VÄLDO KELAM";235;2;3784;0,0621035940803383;0,0052924351958201;11
"ISAMAA Erakond";392;"MONIKA ROGENBAUM";217;3;3784;0,0573467230443975;0,00488705718082112;11
"ISAMAA Erakond";398;"ANTI NÕLVIK";160;9;3784;0,0422832980972516;0,00360336013332433;11
"ISAMAA Erakond";397;"KALLE VISTER";128;8;3784;0,0338266384778013;0,00288268810665946;11
"Sotsiaaldemokraatlik Erakond";516;"ANTI ALLAS";1970;2;5476;0,359751643535427;0,0443663716415557;11
"Sotsiaaldemokraatlik Erakond";515;"IVARI PADAR";1469;1;5476;0,268261504747991;0,033083350224084;11
"Sotsiaaldemokraatlik Erakond";518;"KARL KIRT";433;4;5476;0,0790723155588021;0,00975159336080896;11
"Sotsiaaldemokraatlik Erakond";521;"MARIS NEENO";383;7;5476;0,0699415631848064;0,0086255433191451;11
"Sotsiaaldemokraatlik Erakond";517;"SIRJE TOBRELUTS";337;3;5476;0,0615412710007305;0,00758957728081436;11
"Sotsiaaldemokraatlik Erakond";520;"RAUL KUDRE";253;6;5476;0,0462016070124178;0,00569781321081909;11
"Sotsiaaldemokraatlik Erakond";519;"KATRE KIKKAS";219;5;5476;0,0399926953981008;0,00493209918248767;11
"Sotsiaaldemokraatlik Erakond";524;"INARA LUIGAS";215;10;5476;0,0392622352081812;0,00484201517915456;11
"Sotsiaaldemokraatlik Erakond";522;"TOOMAS SARAPUU";129;8;5476;0,0235573411249087;0,00290520910749274;11
"Sotsiaaldemokraatlik Erakond";523;"JANA MOROZOV";68;9;5476;0,012417823228634;0,00153142805666284;11
"Üksikkandidaadid";1065;"ARGO MÕTTUS";105;1;105;1;0,00236470508749409;11
"Eesti Keskerakond";1025;"ANDREI KOROBEINIK";1973;1;5006;0,394127047542948;0,0449717359591539;12
"Eesti Keskerakond";1026;"MARKO ŠORIN";803;2;5006;0,160407510986816;0,018303245805981;12
"Eesti Keskerakond";1027;"ENN EESMAA";774;3;5006;0,154614462644826;0,0176422319474836;12
"Eesti Keskerakond";1030;"JÜRI KIRSS";307;6;5006;0,061326408310028;0,00699762946754194;12
"Eesti Keskerakond";1032;"ERLI AASAMETS";307;8;5006;0,061326408310028;0,00699762946754194;12
"Eesti Keskerakond";1031;"HARDI PIKKMETS";279;7;5006;0,0557331202556932;0,00635940919037199;12
"Eesti Keskerakond";1028;"KALEV KALJUSTE";234;4;5006;0,0467439073112265;0,00533369803063457;12
"Eesti Keskerakond";1029;"VARJE TIPP";179;5;5006;0,0357570914902117;0,00408005105762217;12
"Eesti Keskerakond";1033;"ANDE ARULA";150;9;5006;0,0299640431482221;0,00341903719912473;12
"Eesti Konservatiivne Rahvaerakond";650;"MART HELME";6130;1;11398;0,53781365151781;0,139724653537564;12
"Eesti Konservatiivne Rahvaerakond";652;"ALAR LANEMAN";1802;3;11398;0,158097911914371;0,0410740335521517;12
"Eesti Konservatiivne Rahvaerakond";651;"HELLE KULLERKUPP";1108;2;11398;0,0972100368485699;0,025255288110868;12
"Eesti Konservatiivne Rahvaerakond";653;"SVEN SILDNIK";1033;4;11398;0,0906299350763292;0,0235457695113056;12
"Eesti Konservatiivne Rahvaerakond";655;"AGNES PULK";366;6;11398;0,0321108966485348;0,00834245076586433;12
"Eesti Konservatiivne Rahvaerakond";657;"SIIMO LOPSIK";326;8;11398;0,0286015090366731;0,00743070751276441;12
"Eesti Konservatiivne Rahvaerakond";658;"KEN VAHER";280;9;11398;0,0245657132830321;0,00638220277169949;12
"Eesti Konservatiivne Rahvaerakond";654;"ARVI KAROTAM";218;5;11398;0,0191261624846464;0,0049690007293946;12
"Eesti Konservatiivne Rahvaerakond";656;"HELDUR PAULSON";135;7;11398;0,0118441831900333;0,00307713347921225;12
"Eesti Reformierakond";901;"ANNELY AKKERMANN";4381;2;12955;0,338170590505596;0,0998586797957695;12
"Eesti Reformierakond";900;"TOOMAS KIVIMÄGI";4099;1;12955;0,316402933230413;0,093430889861415;12
"Eesti Reformierakond";907;"LAURA KIVISELG";1107;8;12955;0,0854496333461984;0,0252324945295405;12
"Eesti Reformierakond";902;"JÜRI JAANSON";1069;3;12955;0,0825164029332304;0,0243663384390955;12
"Eesti Reformierakond";905;"MARIKA VALTER";664;6;12955;0,0512543419529139;0,0151349380014588;12
"Eesti Reformierakond";908;"JÜRI LEBEDEV";577;9;12955;0,0445387881126978;0,0131518964259664;12
"Eesti Reformierakond";904;"TOOMAS RÕHU";382;5;12955;0,0294866846777306;0,0087071480671043;12
"Eesti Reformierakond";903;"IRINA TALVISTE";355;4;12955;0,0274025472790428;0,00809172137126185;12
"Eesti Reformierakond";906;"RIIDO VILLUP";321;7;12955;0,0247780779621768;0,00731673960612691;12
"EESTIMAA ÜHENDATUD VASAKPARTEI";1058;"VJATŠESLAV MAKARONSKI";288;1;288;1;0,00656455142231947;12
"Erakond Eesti 200";775;"KADRI TALI";2092;1;5611;0,372839066120121;0,0476841721371262;12
"Erakond Eesti 200";776;"PEETER TALI";1159;2;5611;0,206558545713777;0,0264177607585704;12
"Erakond Eesti 200";778;"KÄTLIN JOALA";699;4;5611;0,12457672429157;0,0159327133479212;12
"Erakond Eesti 200";777;"SULEV ALAJÕE";560;3;5611;0,0998039565139904;0,012764405543399;12
"Erakond Eesti 200";783;"RENATA LUKK";291;9;5611;0,0518624131170914;0,00663293216630197;12
"Erakond Eesti 200";779;"ARLI KANTER";256;5;5611;0,045624665834967;0,00583515681983953;12
"Erakond Eesti 200";781;"URMO KESKÜLA";206;7;5611;0,036713598289075;0,00469547775346462;12
"Erakond Eesti 200";782;"ELMAR BERGMANN";191;8;5611;0,0340402780253074;0,00435357403355215;12
"Erakond Eesti 200";780;"REIO RANDMAA";157;6;5611;0,0279807520941009;0,00357859226841721;12
"Erakond Eestimaa Rohelised";282;"LIINA REIMANN";290;1;350;0,828571428571429;0,00661013858497447;12
"Erakond Eestimaa Rohelised";283;"SVEN ARULAID";60;2;350;0,171428571428571;0,00136761487964989;12
"Erakond Parempoolsed";217;"KAAREL KOSE";426;1;951;0,44794952681388;0,00971006564551422;12
"Erakond Parempoolsed";219;"ANDRES TÖLP";183;3;951;0,192429022082019;0,00417122538293217;12
"Erakond Parempoolsed";221;"PEETER HERMIK";81;5;951;0,0851735015772871;0,00184628008752735;12
"Erakond Parempoolsed";218;"MARELLE ERLENHEIM";74;2;951;0,0778128286014721;0,00168672501823487;12
"Erakond Parempoolsed";220;"KRISTIINA LAIUS";54;4;951;0,056782334384858;0,0012308533916849;12
"Erakond Parempoolsed";224;"GRETA PUKK";38;8;951;0,0399579390115668;0,000866156090444931;12
"Erakond Parempoolsed";222;"KATRIN EKŠTEIN";35;6;951;0,0368033648790747;0,000797775346462436;12
"Erakond Parempoolsed";223;"ALEKSANDER SAAK";31;7;951;0,0325972660357518;0,000706601021152443;12
"Erakond Parempoolsed";225;"PAAVO ULMANIS";29;9;951;0,0304942166140904;0,000661013858497447;12
"ISAMAA Erakond";400;"ANDRES METSOJA";1607;1;4375;0,367314285714286;0,0366292851932896;12
"ISAMAA Erakond";402;"LAURI LUUR";812;3;4375;0,1856;0,0185083880379285;12
"ISAMAA Erakond";408;"MATI SUTT";428;9;4375;0,0978285714285714;0,00975565280816922;12
"ISAMAA Erakond";401;"ELA TOMSON";297;2;4375;0,0678857142857143;0,00676969365426696;12
"ISAMAA Erakond";405;"URMAS AAVA";288;6;4375;0,0658285714285714;0,00656455142231947;12
"ISAMAA Erakond";407;"PRIIT ANNUS";284;8;4375;0,0649142857142857;0,00647337709700948;12
"ISAMAA Erakond";406;"JOHAN KÄRP";252;7;4375;0,0576;0,00574398249452954;12
"ISAMAA Erakond";404;"SIIM SUURSILD";216;5;4375;0,0493714285714286;0,00492341356673961;12
"ISAMAA Erakond";403;"ENE TÄHT";191;4;4375;0,0436571428571429;0,00435357403355215;12
"Sotsiaaldemokraatlik Erakond";525;"PEEP PETERSON";755;1;2938;0,256977535738598;0,0172091539022611;12
"Sotsiaaldemokraatlik Erakond";528;"MADIS VESKIMÄGI";665;4;2938;0,226344452008169;0,0151577315827863;12
"Sotsiaaldemokraatlik Erakond";526;"GERDA KULLI-KORDEMETS";445;2;2938;0,15146358066712;0,0101431436907367;12
"Sotsiaaldemokraatlik Erakond";533;"JANA RISTIMETS";348;9;2938;0,118447923757658;0,00793216630196937;12
"Sotsiaaldemokraatlik Erakond";532;"MARK SOOSAAR";259;8;2938;0,0881552076242342;0,00590353756382203;12
"Sotsiaaldemokraatlik Erakond";531;"REIN KONTUS";141;7;2938;0,0479918311776719;0,00321389496717724;12
"Sotsiaaldemokraatlik Erakond";527;"SILVER TAMBUR";138;3;2938;0,0469707283866576;0,00314551422319475;12
"Sotsiaaldemokraatlik Erakond";530;"EHA RISTIMETS";123;6;2938;0,0418652144315861;0,00280361050328228;12
"Sotsiaaldemokraatlik Erakond";529;"KRISTJAN KAUNISSAARE";64;5;2938;0,021783526208305;0,00145878920495988;12
